reserved;Target Subsystem Index;Object Index;Attribute Index;Bas;Std;Adv;Svc
##Module ARM_Gen;;;;;;;
##ModuleRevision 0x010101;;;;;;;
##FileRevision 2;;;;;;;
;HMI_IDX;HMI_IDX_language;0;RO;RW;RW;RW
;CDT_IDX;CDT_IDX_operatingMode;0;RO;RW;RW;RW
;DIGITALOUTPUT_IDX;DIGITALOUTPUT_IDX_outputMode;0;RO;RW;RW;RW
;DIGITALOUTPUT_IDX;DIGITALOUTPUT_IDX_pulseFactor;FLOAT_FIXEDUNIT_value;RO;RW;RW;RW
;DIGITALOUTPUT_IDX;DIGITALOUTPUT_IDX_pulseWidth;FLOAT_FIXEDUNIT_value;RO;RW;RW;RW
;DIGITALOUTPUT_IDX;DIGITALOUTPUT_IDX_minFrequency;FLOAT_FIXEDUNIT_value;RO;RW;RW;RW
;DIGITALOUTPUT_IDX;DIGITALOUTPUT_IDX_maxFrequency;FLOAT_FIXEDUNIT_value;RO;RW;RW;RW
;DIGITALOUTPUT_IDX;DIGITALOUTPUT_IDX_lgcActState;0;RO;RW;RW;RW
;SVM_IDX;SVM_IDX_QvObj;UOM_PF_unit;RO;RW;RW;RW
;MVM_IDX;MVM_IDX_QmObj;UOM_PF_unit;RO;RW;RW;RW
;MVM_IDX;MVM_IDX_QnObj;UOM_PF_unit;RO;RW;RW;RW
;MVM_IDX;MVM_IDX_QpDampedObj;UOM_PF_unit;RO;RW;RW;RW
;MAPPER_IDX;MAPPER_IDX_dvDensityObj;UOM_PF_unit;RO;RW;RW;RW
;CDT_IDX;CDT_IDX_temperature_Obj;UOM_PF_unit;RO;RW;RW;RW
;MAPPER_IDX;MAPPER_IDX_dvPressureObj;UOM_PF_unit;RO;RW;RW;RW
;TOTALIZER_IDX;TOTALIZER_IDX_totQvUnit;UNITS_unitsCode;RO;RW;RW;RW
;TOTALIZER_IDX;TOTALIZER_IDX_totQmUnit;UNITS_unitsCode;RO;RW;RW;RW
;TOTALIZER_IDX;TOTALIZER_IDX_totQnUnit;UNITS_unitsCode;RO;RW;RW;RW
;TOTALIZER_IDX;TOTALIZER_IDX_totEnergyUnit;UNITS_unitsCode;RO;RW;RW;RW
;AI_IDX;AI_IDX_aiSelection;0;RO;RW;RW;RW
;MAPPER_IDX;MAPPER_IDX_dvTExtRangeObj;UOM_PF_value_0;RO;RW;RW;RW
;MAPPER_IDX;MAPPER_IDX_dvTExtRangeObj;UOM_PF_value_1;RO;RW;RW;RW
;MAPPER_IDX;MAPPER_IDX_dvPressureRangeRelativeObj;UOM_PF_value_0;RO;RW;RW;RW
;MAPPER_IDX;MAPPER_IDX_dvPressureRangeRelativeObj;UOM_PF_value_1;RO;RW;RW;RW
;MAPPER_IDX;MAPPER_IDX_dvPressureRangeObj;UOM_PF_value_0;RO;RW;RW;RW
;MAPPER_IDX;MAPPER_IDX_dvPressureRangeObj;UOM_PF_value_1;RO;RW;RW;RW
;MAPPER_IDX;MAPPER_IDX_dvDensityRangeObj;UOM_PF_value_0;RO;RW;RW;RW
;MAPPER_IDX;MAPPER_IDX_dvDensityRangeObj;UOM_PF_value_1;RO;RW;RW;RW
;MAPPER_IDX;MAPPER_IDX_dvContentRange;DEV_RNGFLT_hiLim;RO;RW;RW;RW
;MAPPER_IDX;MAPPER_IDX_dvContentRange;DEV_RNGFLT_loLim;RO;RW;RW;RW
;AI_IDX;AI_IDX_aiExternalCutOffOption;0;RO;RW;RW;RW
;CDT_IDX;CDT_IDX_temperature_range_Obj;UOM_PF_value_0;RO;RW;RW;RW
;CDT_IDX;CDT_IDX_temperature_range_Obj;UOM_PF_value_1;RO;RW;RW;RW
;MVM_IDX;MVM_IDX_liquidCorrection;0;RO;RW;RW;RW
;MVM_IDX;MVM_IDX_volumeExpandBeta1;0;RO;RW;RW;RW
;MVM_IDX;MVM_IDX_densityExpandBeta2;0;RO;RW;RW;RW
;MVM_IDX;MVM_IDX_heatCapacity;0;RO;RW;RW;RW
;MVM_IDX;MVM_IDX_gasDensitySelection;0;RO;RW;RW;RW
;MVM_IDX;MVM_IDX_gasRef;0;RO;RW;RW;RW
;MVM_IDX;MVM_IDX_gasComputeType;0;RO;RW;RW;RW
;MVM_IDX;MVM_IDX_calorificEnergy;0;RO;RW;RW;RW
;MVM_IDX;MVM_IDX_steamType;0;RO;RW;RW;RW
;CDT_IDX;CDT_IDX_actualDensitySelection;0;RO;RW;RW;RW
;MVM_IDX;MVM_IDX_steamPwrrFR;0;RO;RW;RW;RW
;MVM_IDX;MVM_IDX_densigyRefObj;UOM_PF_value_0;RO;RW;RW;RW
;MAPPER_IDX;MAPPER_IDX_dvDensityPresetObj;UOM_PF_value_0;RO;RW;RW;RW
;MVM_IDX;MVM_IDX_refTemperatureObj;UOM_PF_value_0;RO;RW;RW;RW
;CDT_IDX;CDT_IDX_temperaturePreset_Obj;UOM_PF_value_0;RO;RW;RW;RW
;MAPPER_IDX;MAPPER_IDX_dvTExtPresetObj;UOM_PF_value_0;RO;RW;RW;RW
;MAPPER_IDX;MAPPER_IDX_dvPressurePresetObj;UOM_PF_value_0;RO;RW;RW;RW
;MAPPER_IDX;MAPPER_IDX_dvContentPreset;0;RO;RW;RW;RW
;SVM_IDX;SVM_IDX_QvRangeObj;UOM_PF_value_0;RO;RW;RW;RW
;MVM_IDX;MVM_IDX_QnRangeObj;UOM_PF_value_0;RO;RW;RW;RW
;MVM_IDX;MVM_IDX_QvPartialRangeObj;UOM_PF_value_0;RO;RW;RW;RW
;MVM_IDX;MVM_IDX_QnPartialRangeObj;UOM_PF_value_0;RO;RW;RW;RW
;MVM_IDX;MVM_IDX_QmRangeObj;UOM_PF_value_0;RO;RW;RW;RW
;MVM_IDX;MVM_IDX_QpRangeObj;UOM_PF_value_0;RO;RW;RW;RW
;SVM_IDX;SVM_IDX_QvDampingTime;0;RO;RW;RW;RW
;MVM_IDX;MVM_IDX_QnDampingTime;0;RO;RW;RW;RW
;MVM_IDX;MVM_IDX_QvPartialDampingTime;0;RO;RW;RW;RW
;MVM_IDX;MVM_IDX_QnPartialDampingTime;0;RO;RW;RW;RW
;MVM_IDX;MVM_IDX_QmDampingTime;0;RO;RW;RW;RW
;MVM_IDX;MVM_IDX_QpDampingTime;0;RO;RW;RW;RW
;CDT_IDX;CDT_IDX_temperature_DampingTime;0;RO;RW;RW;RW
;ELETTRONICSERVICES_IDX;ELETTRONICSERVICES_IDX_writeAutoZero;0;RO;RW;RW;RW
;SVM_IDX;SVM_IDX_QvLowCutOff;0;RO;RW;RW;RW
;HMI_IDX;HMI_IDX_autoscrollEnable;0;RO;RW;RW;RW
;HMI_IDX;HMI_IDX_customDP_1;0;RO;RW;RW;RW
;HMI_IDX;HMI_IDX_customDP_2;0;RO;RW;RW;RW
;HMI_IDX;HMI_IDX_DateFormat;0;RO;RW;RW;RW
;HMI_IDX;HMI_IDX_displayTest;0;RO;RW;RW;RW
;ELETTRONICSERVICES_IDX;ELETTRONICSERVICES_IDX_modeLCDLight;0;RO;RW;RW;RW
;ELETTRONICSERVICES_IDX;ELETTRONICSERVICES_IDX_switchBLE;0;RO;RW;RW;RW
;MAPPER_IDX;MAPPER_IDX_diagClearHistory;0;RO;RW;RW;RW
;CDT_IDX;CDT_IDX_simulationMode;0;RO;RW;RW;RW
;SVM_IDX;SVM_IDX_QvSimObj;UOM_PF_unit;RO;RW;RW;RW
;SVM_IDX;SVM_IDX_QvSimObj;UOM_PF_value_0;RO;RW;RW;RW
;SVM_IDX;SVM_IDX_QvPerSim;0;RO;RW;RW;RW
;MVM_IDX;MVM_IDX_QmSimObj;UOM_PF_unit;RO;RW;RW;RW
;MVM_IDX;MVM_IDX_QmSimObj;UOM_PF_value_0;RO;RW;RW;RW
;MVM_IDX;MVM_IDX_QmPerSim;0;RO;RW;RW;RW
;CDT_IDX;CDT_IDX_temperatureSim_Obj;UOM_PF_unit;RO;RW;RW;RW
;CDT_IDX;CDT_IDX_temperatureSim_Obj;UOM_PF_value_0;RO;RW;RW;RW
;ELETTRONICSERVICES_IDX;ELETTRONICSERVICES_IDX_elettronicTemperatureSimulation_Obj;UOM_PF_value_0;RO;RW;RW;RW
;DIGITALOUTPUT_IDX;DIGITALOUTPUT_IDX_simuFrequency;0;RO;RW;RW;RW
;DIGITALOUTPUT_IDX;DIGITALOUTPUT_IDX_lgcSimCmd;0;RO;RW;RW;RW
;DIGITALOUTPUT_IDX;DIGITALOUTPUT_IDX_simuPulsesNum;0;RO;RW;RW;RW
;AI_IDX;AI_IDX_aiSimulationData;0;RO;RW;RW;RW
;CDT_IDX;CDT_IDX_frequency_SimObj;UOM_PF_value_0;RO;RW;RW;RW
;MAPPER_IDX;MAPPER_IDX_diagSimulationType;0;RO;RW;RW;RW
;CDT_IDX;CDT_IDX_forceReplace;0;RO;RO;RO;RW
;CDT_IDX;CDT_IDX_converterType;0;RO;RO;RO;RW
;CDT_IDX;CDT_IDX_vortexmeterSize;0;RO;RO;RO;RW
;CDT_IDX;CDT_IDX_swirlmeterSize;0;RO;RO;RO;RW
;SVM_IDX;SVM_IDX_QvMaxDNObj;UOM_PF_value_0;RO;RO;RO;RW
;MVM_IDX;MVM_IDX_QvPartialMaxDNObj;UOM_PF_value_0;RO;RO;RO;RO
;MVM_IDX;MVM_IDX_QmMaxDNObj;UOM_PF_value_0;RO;RO;RO;RO
;MVM_IDX;MVM_IDX_QnMaxDNObj;UOM_PF_value_0;RO;RO;RO;RO
;MVM_IDX;MVM_IDX_QnPartialMaxDNObj;UOM_PF_value_0;RO;RO;RO;RO
;MVM_IDX;MVM_IDX_QpMaxDNObj;UOM_PF_value_0;RO;RO;RO;RO
;ELETTRONICSERVICES_IDX;ELETTRONICSERVICES_IDX_sensorID;0;RO;RO;RO;RO
;ELETTRONICSERVICES_IDX;ELETTRONICSERVICES_IDX_sensorID;1;RO;RO;RO;RO
;ELETTRONICSERVICES_IDX;ELETTRONICSERVICES_IDX_sensorID;2;RO;RO;RO;RO
;ELETTRONICSERVICES_IDX;ELETTRONICSERVICES_IDX_sensorID;3;RO;RO;RO;RO
;ELETTRONICSERVICES_IDX;ELETTRONICSERVICES_IDX_sensorID;4;RO;RO;RO;RO
;ELETTRONICSERVICES_IDX;ELETTRONICSERVICES_IDX_sensorID;5;RO;RO;RO;RO
;ELETTRONICSERVICES_IDX;ELETTRONICSERVICES_IDX_sensorID;6;RO;RO;RO;RO
;ELETTRONICSERVICES_IDX;ELETTRONICSERVICES_IDX_sensorID;7;RO;RO;RO;RO
;ELETTRONICSERVICES_IDX;ELETTRONICSERVICES_IDX_sensorSapErpNo;0;RO;RO;RO;RO
;ELETTRONICSERVICES_IDX;ELETTRONICSERVICES_IDX_sensorSapErpNo;1;RO;RO;RO;RO
;ELETTRONICSERVICES_IDX;ELETTRONICSERVICES_IDX_sensorSapErpNo;2;RO;RO;RO;RO
;ELETTRONICSERVICES_IDX;ELETTRONICSERVICES_IDX_sensorSapErpNo;3;RO;RO;RO;RO
;ELETTRONICSERVICES_IDX;ELETTRONICSERVICES_IDX_sensorSapErpNo;4;RO;RO;RO;RO
;ELETTRONICSERVICES_IDX;ELETTRONICSERVICES_IDX_sensorSapErpNo;5;RO;RO;RO;RO
;ELETTRONICSERVICES_IDX;ELETTRONICSERVICES_IDX_sensorSapErpNo;6;RO;RO;RO;RO
;ELETTRONICSERVICES_IDX;ELETTRONICSERVICES_IDX_sensorSapErpNo;7;RO;RO;RO;RO
;ELETTRONICSERVICES_IDX;ELETTRONICSERVICES_IDX_sensorSapErpNo;8;RO;RO;RO;RO
;ELETTRONICSERVICES_IDX;ELETTRONICSERVICES_IDX_sensorSapErpNo;9;RO;RO;RO;RO
;ELETTRONICSERVICES_IDX;ELETTRONICSERVICES_IDX_sensorSapErpNo;10;RO;RO;RO;RO
;ELETTRONICSERVICES_IDX;ELETTRONICSERVICES_IDX_sensorSapErpNo;11;RO;RO;RO;RO
;ELETTRONICSERVICES_IDX;ELETTRONICSERVICES_IDX_sensorSapErpNo;12;RO;RO;RO;RO
;ELETTRONICSERVICES_IDX;ELETTRONICSERVICES_IDX_sensorSapErpNo;13;RO;RO;RO;RO
;ELETTRONICSERVICES_IDX;ELETTRONICSERVICES_IDX_sensorSapErpNo;14;RO;RO;RO;RO
;ELETTRONICSERVICES_IDX;ELETTRONICSERVICES_IDX_sensorSapErpNo;15;RO;RO;RO;RO
;ELETTRONICSERVICES_IDX;ELETTRONICSERVICES_IDX_sensorSapErpNo;16;RO;RO;RO;RO
;ELETTRONICSERVICES_IDX;ELETTRONICSERVICES_IDX_sensorSapErpNo;17;RO;RO;RO;RO
;ELETTRONICSERVICES_IDX;ELETTRONICSERVICES_IDX_sensorSapErpNo;18;RO;RO;RO;RO
;ELETTRONICSERVICES_IDX;ELETTRONICSERVICES_IDX_sensorSapErpNo;19;RO;RO;RO;RO
;CDT_IDX;CDT_IDX_frontendOperationHour;0;RO;RO;RO;RO
;ELETTRONICSERVICES_IDX;ELETTRONICSERVICES_IDX_tranType;0;RO;RO;RO;RW
;ELETTRONICSERVICES_IDX;ELETTRONICSERVICES_IDX_tranType;1;RO;RO;RO;RW
;ELETTRONICSERVICES_IDX;ELETTRONICSERVICES_IDX_tranType;2;RO;RO;RO;RW
;ELETTRONICSERVICES_IDX;ELETTRONICSERVICES_IDX_tranType;3;RO;RO;RO;RW
;ELETTRONICSERVICES_IDX;ELETTRONICSERVICES_IDX_tranType;4;RO;RO;RO;RW
;ELETTRONICSERVICES_IDX;ELETTRONICSERVICES_IDX_tranType;5;RO;RO;RO;RW
;ELETTRONICSERVICES_IDX;ELETTRONICSERVICES_IDX_tranType;6;RO;RO;RO;RW
;ELETTRONICSERVICES_IDX;ELETTRONICSERVICES_IDX_tranType;7;RO;RO;RO;RW
;ELETTRONICSERVICES_IDX;ELETTRONICSERVICES_IDX_tranType;8;RO;RO;RO;RW
;ELETTRONICSERVICES_IDX;ELETTRONICSERVICES_IDX_tranType;9;RO;RO;RO;RW
;ELETTRONICSERVICES_IDX;ELETTRONICSERVICES_IDX_tranType;10;RO;RO;RO;RW
;ELETTRONICSERVICES_IDX;ELETTRONICSERVICES_IDX_tranType;11;RO;RO;RO;RW
;ELETTRONICSERVICES_IDX;ELETTRONICSERVICES_IDX_tranID;0;RO;RO;RO;RO
;ELETTRONICSERVICES_IDX;ELETTRONICSERVICES_IDX_tranID;1;RO;RO;RO;RO
;ELETTRONICSERVICES_IDX;ELETTRONICSERVICES_IDX_tranID;2;RO;RO;RO;RO
;ELETTRONICSERVICES_IDX;ELETTRONICSERVICES_IDX_tranID;3;RO;RO;RO;RO
;ELETTRONICSERVICES_IDX;ELETTRONICSERVICES_IDX_tranID;4;RO;RO;RO;RO
;ELETTRONICSERVICES_IDX;ELETTRONICSERVICES_IDX_tranID;5;RO;RO;RO;RO
;ELETTRONICSERVICES_IDX;ELETTRONICSERVICES_IDX_tranID;6;RO;RO;RO;RO
;ELETTRONICSERVICES_IDX;ELETTRONICSERVICES_IDX_tranID;7;RO;RO;RO;RO
;ELETTRONICSERVICES_IDX;ELETTRONICSERVICES_IDX_tranSapErpNo;0;RO;RO;RO;RO
;ELETTRONICSERVICES_IDX;ELETTRONICSERVICES_IDX_tranSapErpNo;1;RO;RO;RO;RO
;ELETTRONICSERVICES_IDX;ELETTRONICSERVICES_IDX_tranSapErpNo;2;RO;RO;RO;RO
;ELETTRONICSERVICES_IDX;ELETTRONICSERVICES_IDX_tranSapErpNo;3;RO;RO;RO;RO
;ELETTRONICSERVICES_IDX;ELETTRONICSERVICES_IDX_tranSapErpNo;4;RO;RO;RO;RO
;ELETTRONICSERVICES_IDX;ELETTRONICSERVICES_IDX_tranSapErpNo;5;RO;RO;RO;RO
;ELETTRONICSERVICES_IDX;ELETTRONICSERVICES_IDX_tranSapErpNo;6;RO;RO;RO;RO
;ELETTRONICSERVICES_IDX;ELETTRONICSERVICES_IDX_tranSapErpNo;7;RO;RO;RO;RO
;ELETTRONICSERVICES_IDX;ELETTRONICSERVICES_IDX_tranSapErpNo;8;RO;RO;RO;RO
;ELETTRONICSERVICES_IDX;ELETTRONICSERVICES_IDX_tranSapErpNo;9;RO;RO;RO;RO
;ELETTRONICSERVICES_IDX;ELETTRONICSERVICES_IDX_tranSapErpNo;10;RO;RO;RO;RO
;ELETTRONICSERVICES_IDX;ELETTRONICSERVICES_IDX_tranSapErpNo;11;RO;RO;RO;RO
;ELETTRONICSERVICES_IDX;ELETTRONICSERVICES_IDX_tranSapErpNo;12;RO;RO;RO;RO
;ELETTRONICSERVICES_IDX;ELETTRONICSERVICES_IDX_tranSapErpNo;13;RO;RO;RO;RO
;ELETTRONICSERVICES_IDX;ELETTRONICSERVICES_IDX_tranSapErpNo;14;RO;RO;RO;RO
;ELETTRONICSERVICES_IDX;ELETTRONICSERVICES_IDX_tranSapErpNo;15;RO;RO;RO;RO
;ELETTRONICSERVICES_IDX;ELETTRONICSERVICES_IDX_tranSapErpNo;16;RO;RO;RO;RO
;ELETTRONICSERVICES_IDX;ELETTRONICSERVICES_IDX_tranSapErpNo;17;RO;RO;RO;RO
;ELETTRONICSERVICES_IDX;ELETTRONICSERVICES_IDX_tranSapErpNo;18;RO;RO;RO;RO
;ELETTRONICSERVICES_IDX;ELETTRONICSERVICES_IDX_tranSapErpNo;19;RO;RO;RO;RO
;CDT_IDX;CDT_IDX_totalWorkingTimeHour;0;RO;RO;RO;RO
;ELETTRONICSERVICES_IDX;ELETTRONICSERVICES_IDX_manufacturer;0;RO;RO;RO;RO
;ELETTRONICSERVICES_IDX;ELETTRONICSERVICES_IDX_manufacturer;1;RO;RO;RO;RO
;ELETTRONICSERVICES_IDX;ELETTRONICSERVICES_IDX_manufacturer;2;RO;RO;RO;RO
;ELETTRONICSERVICES_IDX;ELETTRONICSERVICES_IDX_manufacturer;3;RO;RO;RO;RO
;ELETTRONICSERVICES_IDX;ELETTRONICSERVICES_IDX_manufacturer;4;RO;RO;RO;RO
;ELETTRONICSERVICES_IDX;ELETTRONICSERVICES_IDX_manufacturer;5;RO;RO;RO;RO
;ELETTRONICSERVICES_IDX;ELETTRONICSERVICES_IDX_manufacturer;6;RO;RO;RO;RO
;ELETTRONICSERVICES_IDX;ELETTRONICSERVICES_IDX_manufacturer;7;RO;RO;RO;RO
;ELETTRONICSERVICES_IDX;ELETTRONICSERVICES_IDX_manufacturer;8;RO;RO;RO;RO
;ELETTRONICSERVICES_IDX;ELETTRONICSERVICES_IDX_manufacturer;9;RO;RO;RO;RO
;ELETTRONICSERVICES_IDX;ELETTRONICSERVICES_IDX_manufacturer;10;RO;RO;RO;RO
;ELETTRONICSERVICES_IDX;ELETTRONICSERVICES_IDX_manufacturer;11;RO;RO;RO;RO
;ELETTRONICSERVICES_IDX;ELETTRONICSERVICES_IDX_manufacturer;12;RO;RO;RO;RO
;ELETTRONICSERVICES_IDX;ELETTRONICSERVICES_IDX_manufacturer;13;RO;RO;RO;RO
;ELETTRONICSERVICES_IDX;ELETTRONICSERVICES_IDX_manufacturer;14;RO;RO;RO;RO
;ELETTRONICSERVICES_IDX;ELETTRONICSERVICES_IDX_manufacturer;15;RO;RO;RO;RO
;ELETTRONICSERVICES_IDX;ELETTRONICSERVICES_IDX_manufacturer;16;RO;RO;RO;RO
;ELETTRONICSERVICES_IDX;ELETTRONICSERVICES_IDX_manufacturer;17;RO;RO;RO;RO
;ELETTRONICSERVICES_IDX;ELETTRONICSERVICES_IDX_manufacturer;18;RO;RO;RO;RO
;ELETTRONICSERVICES_IDX;ELETTRONICSERVICES_IDX_manufacturer;19;RO;RO;RO;RO
;ELETTRONICSERVICES_IDX;ELETTRONICSERVICES_IDX_street;0;RO;RO;RO;RO
;ELETTRONICSERVICES_IDX;ELETTRONICSERVICES_IDX_street;1;RO;RO;RO;RO
;ELETTRONICSERVICES_IDX;ELETTRONICSERVICES_IDX_street;2;RO;RO;RO;RO
;ELETTRONICSERVICES_IDX;ELETTRONICSERVICES_IDX_street;3;RO;RO;RO;RO
;ELETTRONICSERVICES_IDX;ELETTRONICSERVICES_IDX_street;4;RO;RO;RO;RO
;ELETTRONICSERVICES_IDX;ELETTRONICSERVICES_IDX_street;5;RO;RO;RO;RO
;ELETTRONICSERVICES_IDX;ELETTRONICSERVICES_IDX_street;6;RO;RO;RO;RO
;ELETTRONICSERVICES_IDX;ELETTRONICSERVICES_IDX_street;7;RO;RO;RO;RO
;ELETTRONICSERVICES_IDX;ELETTRONICSERVICES_IDX_street;8;RO;RO;RO;RO
;ELETTRONICSERVICES_IDX;ELETTRONICSERVICES_IDX_street;9;RO;RO;RO;RO
;ELETTRONICSERVICES_IDX;ELETTRONICSERVICES_IDX_street;10;RO;RO;RO;RO
;ELETTRONICSERVICES_IDX;ELETTRONICSERVICES_IDX_street;11;RO;RO;RO;RO
;ELETTRONICSERVICES_IDX;ELETTRONICSERVICES_IDX_street;12;RO;RO;RO;RO
;ELETTRONICSERVICES_IDX;ELETTRONICSERVICES_IDX_street;13;RO;RO;RO;RO
;ELETTRONICSERVICES_IDX;ELETTRONICSERVICES_IDX_street;14;RO;RO;RO;RO
;ELETTRONICSERVICES_IDX;ELETTRONICSERVICES_IDX_street;15;RO;RO;RO;RO
;ELETTRONICSERVICES_IDX;ELETTRONICSERVICES_IDX_street;16;RO;RO;RO;RO
;ELETTRONICSERVICES_IDX;ELETTRONICSERVICES_IDX_street;17;RO;RO;RO;RO
;ELETTRONICSERVICES_IDX;ELETTRONICSERVICES_IDX_street;18;RO;RO;RO;RO
;ELETTRONICSERVICES_IDX;ELETTRONICSERVICES_IDX_street;19;RO;RO;RO;RO
;ELETTRONICSERVICES_IDX;ELETTRONICSERVICES_IDX_city;0;RO;RO;RO;RO
;ELETTRONICSERVICES_IDX;ELETTRONICSERVICES_IDX_city;1;RO;RO;RO;RO
;ELETTRONICSERVICES_IDX;ELETTRONICSERVICES_IDX_city;2;RO;RO;RO;RO
;ELETTRONICSERVICES_IDX;ELETTRONICSERVICES_IDX_city;3;RO;RO;RO;RO
;ELETTRONICSERVICES_IDX;ELETTRONICSERVICES_IDX_city;4;RO;RO;RO;RO
;ELETTRONICSERVICES_IDX;ELETTRONICSERVICES_IDX_city;5;RO;RO;RO;RO
;ELETTRONICSERVICES_IDX;ELETTRONICSERVICES_IDX_city;6;RO;RO;RO;RO
;ELETTRONICSERVICES_IDX;ELETTRONICSERVICES_IDX_city;7;RO;RO;RO;RO
;ELETTRONICSERVICES_IDX;ELETTRONICSERVICES_IDX_city;8;RO;RO;RO;RO
;ELETTRONICSERVICES_IDX;ELETTRONICSERVICES_IDX_city;9;RO;RO;RO;RO
;ELETTRONICSERVICES_IDX;ELETTRONICSERVICES_IDX_city;10;RO;RO;RO;RO
;ELETTRONICSERVICES_IDX;ELETTRONICSERVICES_IDX_city;11;RO;RO;RO;RO
;ELETTRONICSERVICES_IDX;ELETTRONICSERVICES_IDX_city;12;RO;RO;RO;RO
;ELETTRONICSERVICES_IDX;ELETTRONICSERVICES_IDX_city;13;RO;RO;RO;RO
;ELETTRONICSERVICES_IDX;ELETTRONICSERVICES_IDX_city;14;RO;RO;RO;RO
;ELETTRONICSERVICES_IDX;ELETTRONICSERVICES_IDX_city;15;RO;RO;RO;RO
;ELETTRONICSERVICES_IDX;ELETTRONICSERVICES_IDX_city;16;RO;RO;RO;RO
;ELETTRONICSERVICES_IDX;ELETTRONICSERVICES_IDX_city;17;RO;RO;RO;RO
;ELETTRONICSERVICES_IDX;ELETTRONICSERVICES_IDX_city;18;RO;RO;RO;RO
;ELETTRONICSERVICES_IDX;ELETTRONICSERVICES_IDX_city;19;RO;RO;RO;RO
;ELETTRONICSERVICES_IDX;ELETTRONICSERVICES_IDX_phone;0;RO;RO;RO;RO
;ELETTRONICSERVICES_IDX;ELETTRONICSERVICES_IDX_phone;1;RO;RO;RO;RO
;ELETTRONICSERVICES_IDX;ELETTRONICSERVICES_IDX_phone;2;RO;RO;RO;RO
;ELETTRONICSERVICES_IDX;ELETTRONICSERVICES_IDX_phone;3;RO;RO;RO;RO
;ELETTRONICSERVICES_IDX;ELETTRONICSERVICES_IDX_phone;4;RO;RO;RO;RO
;ELETTRONICSERVICES_IDX;ELETTRONICSERVICES_IDX_phone;5;RO;RO;RO;RO
;ELETTRONICSERVICES_IDX;ELETTRONICSERVICES_IDX_phone;6;RO;RO;RO;RO
;ELETTRONICSERVICES_IDX;ELETTRONICSERVICES_IDX_phone;7;RO;RO;RO;RO
;ELETTRONICSERVICES_IDX;ELETTRONICSERVICES_IDX_phone;8;RO;RO;RO;RO
;ELETTRONICSERVICES_IDX;ELETTRONICSERVICES_IDX_phone;9;RO;RO;RO;RO
;ELETTRONICSERVICES_IDX;ELETTRONICSERVICES_IDX_phone;10;RO;RO;RO;RO
;ELETTRONICSERVICES_IDX;ELETTRONICSERVICES_IDX_phone;11;RO;RO;RO;RO
;ELETTRONICSERVICES_IDX;ELETTRONICSERVICES_IDX_phone;12;RO;RO;RO;RO
;ELETTRONICSERVICES_IDX;ELETTRONICSERVICES_IDX_phone;13;RO;RO;RO;RO
;ELETTRONICSERVICES_IDX;ELETTRONICSERVICES_IDX_phone;14;RO;RO;RO;RO
;ELETTRONICSERVICES_IDX;ELETTRONICSERVICES_IDX_phone;15;RO;RO;RO;RO
;ELETTRONICSERVICES_IDX;ELETTRONICSERVICES_IDX_phone;16;RO;RO;RO;RO
;ELETTRONICSERVICES_IDX;ELETTRONICSERVICES_IDX_phone;17;RO;RO;RO;RO
;ELETTRONICSERVICES_IDX;ELETTRONICSERVICES_IDX_phone;18;RO;RO;RO;RO
;ELETTRONICSERVICES_IDX;ELETTRONICSERVICES_IDX_phone;19;RO;RO;RO;RO
;HMI_IDX;HMI_IDX_SetPassword_StandardLevel;0;RO;RW;RW;RW
;HMI_IDX;HMI_IDX_SetPassword_StandardLevel;1;RO;RW;RW;RW
;HMI_IDX;HMI_IDX_SetPassword_StandardLevel;2;RO;RW;RW;RW
;HMI_IDX;HMI_IDX_SetPassword_StandardLevel;3;RO;RW;RW;RW
;HMI_IDX;HMI_IDX_SetPassword_StandardLevel;4;RO;RW;RW;RW
;HMI_IDX;HMI_IDX_SetPassword_StandardLevel;5;RO;RW;RW;RW
;ARM_IDX;ARM_IDX_readOnlySwitchStatus;0;RO;RO;RO;RO
;ARM_IDX;ARM_IDX_serviceAccountSwitch;0;RO;RW;RW;RW
;ELETTRONICSERVICES_IDX;ELETTRONICSERVICES_IDX_sensorLocationTag;0;RO;RO;RO;RO
;ELETTRONICSERVICES_IDX;ELETTRONICSERVICES_IDX_sensorLocationTag;1;RO;RO;RO;RO
;ELETTRONICSERVICES_IDX;ELETTRONICSERVICES_IDX_sensorLocationTag;2;RO;RO;RO;RO
;ELETTRONICSERVICES_IDX;ELETTRONICSERVICES_IDX_sensorLocationTag;3;RO;RO;RO;RO
;ELETTRONICSERVICES_IDX;ELETTRONICSERVICES_IDX_sensorLocationTag;4;RO;RO;RO;RO
;ELETTRONICSERVICES_IDX;ELETTRONICSERVICES_IDX_sensorLocationTag;5;RO;RO;RO;RO
;ELETTRONICSERVICES_IDX;ELETTRONICSERVICES_IDX_sensorLocationTag;6;RO;RO;RO;RO
;ELETTRONICSERVICES_IDX;ELETTRONICSERVICES_IDX_sensorLocationTag;7;RO;RO;RO;RO
;ELETTRONICSERVICES_IDX;ELETTRONICSERVICES_IDX_sensorLocationTag;8;RO;RO;RO;RO
;ELETTRONICSERVICES_IDX;ELETTRONICSERVICES_IDX_sensorLocationTag;9;RO;RO;RO;RO
;ELETTRONICSERVICES_IDX;ELETTRONICSERVICES_IDX_sensorLocationTag;10;RO;RO;RO;RO
;ELETTRONICSERVICES_IDX;ELETTRONICSERVICES_IDX_sensorLocationTag;11;RO;RO;RO;RO
;ELETTRONICSERVICES_IDX;ELETTRONICSERVICES_IDX_sensorLocationTag;12;RO;RO;RO;RO
;ELETTRONICSERVICES_IDX;ELETTRONICSERVICES_IDX_sensorLocationTag;13;RO;RO;RO;RO
;ELETTRONICSERVICES_IDX;ELETTRONICSERVICES_IDX_sensorLocationTag;14;RO;RO;RO;RO
;ELETTRONICSERVICES_IDX;ELETTRONICSERVICES_IDX_sensorLocationTag;15;RO;RO;RO;RO
;ELETTRONICSERVICES_IDX;ELETTRONICSERVICES_IDX_sensorLocationTag;16;RO;RO;RO;RO
;ELETTRONICSERVICES_IDX;ELETTRONICSERVICES_IDX_sensorLocationTag;17;RO;RO;RO;RO
;ELETTRONICSERVICES_IDX;ELETTRONICSERVICES_IDX_sensorLocationTag;18;RO;RO;RO;RO
;ELETTRONICSERVICES_IDX;ELETTRONICSERVICES_IDX_sensorLocationTag;19;RO;RO;RO;RO
;ELETTRONICSERVICES_IDX;ELETTRONICSERVICES_IDX_sensoTag;0;RO;RO;RO;RO
;ELETTRONICSERVICES_IDX;ELETTRONICSERVICES_IDX_sensoTag;1;RO;RO;RO;RO
;ELETTRONICSERVICES_IDX;ELETTRONICSERVICES_IDX_sensoTag;2;RO;RO;RO;RO
;ELETTRONICSERVICES_IDX;ELETTRONICSERVICES_IDX_sensoTag;3;RO;RO;RO;RO
;ELETTRONICSERVICES_IDX;ELETTRONICSERVICES_IDX_sensoTag;4;RO;RO;RO;RO
;ELETTRONICSERVICES_IDX;ELETTRONICSERVICES_IDX_sensoTag;5;RO;RO;RO;RO
;ELETTRONICSERVICES_IDX;ELETTRONICSERVICES_IDX_sensoTag;6;RO;RO;RO;RO
;ELETTRONICSERVICES_IDX;ELETTRONICSERVICES_IDX_sensoTag;7;RO;RO;RO;RO
;ELETTRONICSERVICES_IDX;ELETTRONICSERVICES_IDX_sensoTag;8;RO;RO;RO;RO
;ELETTRONICSERVICES_IDX;ELETTRONICSERVICES_IDX_sensoTag;9;RO;RO;RO;RO
;ELETTRONICSERVICES_IDX;ELETTRONICSERVICES_IDX_sensoTag;10;RO;RO;RO;RO
;ELETTRONICSERVICES_IDX;ELETTRONICSERVICES_IDX_sensoTag;11;RO;RO;RO;RO
;ELETTRONICSERVICES_IDX;ELETTRONICSERVICES_IDX_sensoTag;12;RO;RO;RO;RO
;ELETTRONICSERVICES_IDX;ELETTRONICSERVICES_IDX_sensoTag;13;RO;RO;RO;RO
;ELETTRONICSERVICES_IDX;ELETTRONICSERVICES_IDX_sensoTag;14;RO;RO;RO;RO
;ELETTRONICSERVICES_IDX;ELETTRONICSERVICES_IDX_sensoTag;15;RO;RO;RO;RO
;ELETTRONICSERVICES_IDX;ELETTRONICSERVICES_IDX_sensoTag;16;RO;RO;RO;RO
;ELETTRONICSERVICES_IDX;ELETTRONICSERVICES_IDX_sensoTag;17;RO;RO;RO;RO
;ELETTRONICSERVICES_IDX;ELETTRONICSERVICES_IDX_sensoTag;18;RO;RO;RO;RO
;ELETTRONICSERVICES_IDX;ELETTRONICSERVICES_IDX_sensoTag;19;RO;RO;RO;RO
;CDT_IDX;CDT_IDX_reaction_InputFail;0;RO;RW;RW;RW
;MAPPER_IDX;MAPPER_IDX_diagMaintainMask;0;RO;RW;RW;RW
;MAPPER_IDX;MAPPER_IDX_diagFunCheckMask;0;RO;RW;RW;RW
;MAPPER_IDX;MAPPER_IDX_diagOffSpecMask;0;RO;RW;RW;RW
;MAPPER_IDX;MAPPER_IDX_diagMinFlowMask;0;RO;RW;RW;RW
;MAPPER_IDX;MAPPER_IDX_diagMaxFlowMask;0;RO;RW;RW;RW
;MAPPER_IDX;MAPPER_IDX_diagFlow103Mask;0;RO;RW;RW;RW
;MAPPER_IDX;MAPPER_IDX_diagLowCutoffMask;0;RO;RW;RW;RW
;MAPPER_IDX;MAPPER_IDX_diagTSensorFailMask;0;RO;RW;RW;RW
;MAPPER_IDX;MAPPER_IDX_diagTSensorOffSpecMask;0;RO;RW;RW;RW
;MAPPER_IDX;MAPPER_IDX_diagTxSensorOffSpecMask;0;RO;RW;RW;RW
;MVM_IDX;MVM_IDX_QAlmRange;RANGEFLT_loLim;RO;RW;RW;RW
;MVM_IDX;MVM_IDX_QAlmRange;RANGEFLT_hiLim;RO;RW;RW;RW
;CDT_IDX;CDT_IDX_temperatureAlmRange_obj;UOM_PF_value_1;RO;RW;RW;RW
;CDT_IDX;CDT_IDX_temperatureAlmRange_obj;UOM_PF_value_0;RO;RW;RW;RW
;MAPPER_IDX;MAPPER_IDX_dvPressureAlmRangeObj;UOM_PF_value_1;RO;RW;RW;RW
;MAPPER_IDX;MAPPER_IDX_dvPressureAlmRangeObj;UOM_PF_value_0;RO;RW;RW;RW
;SVM_IDX;SVM_IDX_ReAlmLimits;0;RO;RW;RW;RW
;SERVICEPORT_IDX;SERVICEPORT_IDX_baudRate;0;RO;RO;RO;RO
;ELETTRONICSERVICES_IDX;ELETTRONICSERVICES_IDX_writeSelfDiagnosis;0;RO;RW;RW;RW
;CDT_IDX;CDT_IDX_BothMaintenanceCycle;0;RO;RW;RW;RW
;SVM_IDX;SVM_IDX_Re;0;RO;RO;RO;RO
;MAPPER_IDX;MAPPER_IDX_dvTExtObj;UOM_PF_value_0;RO;RO;RO;RO
;ELETTRONICSERVICES_IDX;ELETTRONICSERVICES_IDX_elettronicTemperature_Obj;UOM_PF_value_0;RO;RO;RO;RO
;AI_IDX;AI_IDX_aiTempCurr;0;RO;RO;RO;RO
;DIGITALOUTPUT_IDX;DIGITALOUTPUT_IDX_pulseNum;0;RO;RO;RO;RO
;DIGITALOUTPUT_IDX;DIGITALOUTPUT_IDX_frequencyValue;0;RO;RO;RO;RO
;DIGITALOUTPUT_IDX;DIGITALOUTPUT_IDX_logicValue;0;RO;RO;RO;RO
;TOTALIZER_IDX;TOTALIZER_IDX_StartAllTotalizr;0;RO;RW;RW;RW
;TOTALIZER_IDX;TOTALIZER_IDX_StartQvTotalizer;0;RO;RW;RW;RW
;TOTALIZER_IDX;TOTALIZER_IDX_StartQnTotalizer;0;RO;RW;RW;RW
;TOTALIZER_IDX;TOTALIZER_IDX_StartQmTotalizer;0;RO;RW;RW;RW
;TOTALIZER_IDX;TOTALIZER_IDX_StartEnergyTotalizer;0;RO;RW;RW;RW
;TOTALIZER_IDX;TOTALIZER_IDX_StartQvPartialTotalizer;0;RO;RW;RW;RW
;TOTALIZER_IDX;TOTALIZER_IDX_StartQnPartialTotalizer;0;RO;RW;RW;RW
;TOTALIZER_IDX;TOTALIZER_IDX_StopAllTotalizer;0;RO;RW;RW;RW
;TOTALIZER_IDX;TOTALIZER_IDX_StopQvTotalizer;0;RO;RW;RW;RW
;TOTALIZER_IDX;TOTALIZER_IDX_StopQnTotalizer;0;RO;RW;RW;RW
;TOTALIZER_IDX;TOTALIZER_IDX_StopQmTotalizer;0;RO;RW;RW;RW
;TOTALIZER_IDX;TOTALIZER_IDX_StopEnergyTotalizer;0;RO;RW;RW;RW
;TOTALIZER_IDX;TOTALIZER_IDX_StopQvPartialTotalizer;0;RO;RW;RW;RW
;TOTALIZER_IDX;TOTALIZER_IDX_StopQnPartialtotalizer;0;RO;RW;RW;RW
;TOTALIZER_IDX;TOTALIZER_IDX_ResetAllTotalizer;0;RO;RW;RW;RW
;TOTALIZER_IDX;TOTALIZER_IDX_ResetQvTotalizer;0;RO;RW;RW;RW
;TOTALIZER_IDX;TOTALIZER_IDX_ResetQnTotalizer;0;RO;RW;RW;RW
;TOTALIZER_IDX;TOTALIZER_IDX_ResetQmTotalizer;0;RO;RW;RW;RW
;TOTALIZER_IDX;TOTALIZER_IDX_ResetEnergyTotalizer;0;RO;RW;RW;RW
;TOTALIZER_IDX;TOTALIZER_IDX_ResetQvPartialTotalizer;0;RO;RW;RW;RW
;TOTALIZER_IDX;TOTALIZER_IDX_ResetQnPartialTotalizer;0;RO;RW;RW;RW
;ELETTRONICSERVICES_IDX;ELETTRONICSERVICES_IDX_resetCB_Runhour;0;RO;RO;RO;RW
;CDT_IDX;CDT_IDX_tranMaintenanceCyc;0;RO;RW;RW;RW
;ELETTRONICSERVICES_IDX;ELETTRONICSERVICES_IDX_ambientTemperatureMax_obj;UOM_PF_value_0;RO;RO;RO;RW
;CDT_IDX;CDT_IDX_intRTDType;0;RO;RW;RW;RW
;CDT_IDX;CDT_IDX_temperatureMaxRecord_obj;UOM_PF_value_0;RO;RO;RO;RW
;CDT_IDX;CDT_IDX_resetFE_Runhour;0;RO;RO;RO;RW
;CDT_IDX;CDT_IDX_frontendMaintenance;0;RO;RO;RO;RW
;CDT_IDX;CDT_IDX_snr;0;RO;RO;RO;RO
;ELETTRONICSERVICES_IDX;ELETTRONICSERVICES_IDX_snrThreshold;0;RO;RO;RO;RW
;CDT_IDX;CDT_IDX_autoselfcheck_Enable;0;RO;RW;RW;RW
;CDT_IDX;CDT_IDX_spanUpperRange;0;RO;RO;RO;RW
;CDT_IDX;CDT_IDX_sigAmplitude;0;RO;RO;RO;RO
;CDT_IDX;CDT_IDX_vbrAmplitude;0;RO;RO;RO;RO
;CDT_IDX;CDT_IDX_sigMagnitude;0;RO;RO;RO;RO
;CDT_IDX;CDT_IDX_calibrationStatus;0;RO;RO;RO;RW
;CDT_IDX;CDT_IDX_internalRTDPassword;0;RO;RW;RW;RW
;CDT_IDX;CDT_IDX_internalRTDPassword;1;RO;RW;RW;RW
;CDT_IDX;CDT_IDX_internalRTDPassword;2;RO;RW;RW;RW
;CDT_IDX;CDT_IDX_internalRTDPassword;3;RO;RW;RW;RW
;CDT_IDX;CDT_IDX_internalRTDPassword;4;RO;RW;RW;RW
;CDT_IDX;CDT_IDX_internalRTDPassword;5;RO;RW;RW;RW
;CDT_IDX;CDT_IDX_analogInputPassword;0;RO;RW;RW;RW
;CDT_IDX;CDT_IDX_analogInputPassword;1;RO;RW;RW;RW
;CDT_IDX;CDT_IDX_analogInputPassword;2;RO;RW;RW;RW
;CDT_IDX;CDT_IDX_analogInputPassword;3;RO;RW;RW;RW
;CDT_IDX;CDT_IDX_analogInputPassword;4;RO;RW;RW;RW
;CDT_IDX;CDT_IDX_analogInputPassword;5;RO;RW;RW;RW
;CDT_IDX;CDT_IDX_energyFlowPassword;0;RO;RW;RW;RW
;CDT_IDX;CDT_IDX_energyFlowPassword;1;RO;RW;RW;RW
;CDT_IDX;CDT_IDX_energyFlowPassword;2;RO;RW;RW;RW
;CDT_IDX;CDT_IDX_energyFlowPassword;3;RO;RW;RW;RW
;CDT_IDX;CDT_IDX_energyFlowPassword;4;RO;RW;RW;RW
;CDT_IDX;CDT_IDX_energyFlowPassword;5;RO;RW;RW;RW
;SVM_IDX;SVM_IDX_KLinearisation;0;RO;RO;RW;RW
;SVM_IDX;SVM_IDX_KSET;0;RO;RO;RO;RO
;CDT_IDX;CDT_IDX_readParameters;0;RO;RW;RW;RW
;CDT_IDX;CDT_IDX_writeParameters;0;RO;RO;RO;RW
;CDT_IDX;CDT_IDX_saveCustomerDef;0;RO;RW;RW;RW
;CDT_IDX;CDT_IDX_saveFactoryDef;0;RO;RO;RO;RW
;CDT_IDX;CDT_IDX_resetCustomerDef;0;RO;RW;RW;RW
;CDT_IDX;CDT_IDX_resetFactoryDef;0;RO;RW;RW;RW
;ELETTRONICSERVICES_IDX;ELETTRONICSERVICES_IDX_saveAllAsDefault;0;RO;RO;RO;RW
;ELETTRONICSERVICES_IDX;ELETTRONICSERVICES_IDX_resetAllToDefault;0;RO;RO;RO;RW
;ELETTRONICSERVICES_IDX;ELETTRONICSERVICES_IDX_sensorCalDate;0;RO;RO;RO;RO
;ELETTRONICSERVICES_IDX;ELETTRONICSERVICES_IDX_sensorCalDate;1;RO;RO;RO;RO
;ELETTRONICSERVICES_IDX;ELETTRONICSERVICES_IDX_sensorCalDate;2;RO;RO;RO;RO
;ELETTRONICSERVICES_IDX;ELETTRONICSERVICES_IDX_sensorCalDate;3;RO;RO;RO;RO
;ELETTRONICSERVICES_IDX;ELETTRONICSERVICES_IDX_sensorCalDate;4;RO;RO;RO;RO
;ELETTRONICSERVICES_IDX;ELETTRONICSERVICES_IDX_sensorCalDate;5;RO;RO;RO;RO
;ELETTRONICSERVICES_IDX;ELETTRONICSERVICES_IDX_sensorCalDate;6;RO;RO;RO;RO
;ELETTRONICSERVICES_IDX;ELETTRONICSERVICES_IDX_sensorCalDate;7;RO;RO;RO;RO
;ELETTRONICSERVICES_IDX;ELETTRONICSERVICES_IDX_sensorCalDate;8;RO;RO;RO;RO
;ELETTRONICSERVICES_IDX;ELETTRONICSERVICES_IDX_sensorCalDate;9;RO;RO;RO;RO
;ELETTRONICSERVICES_IDX;ELETTRONICSERVICES_IDX_sensorCalDate;10;RO;RO;RO;RO
;ELETTRONICSERVICES_IDX;ELETTRONICSERVICES_IDX_sensorCalDate;11;RO;RO;RO;RO
;ELETTRONICSERVICES_IDX;ELETTRONICSERVICES_IDX_sensorCalCertNo;0;RO;RO;RO;RO
;ELETTRONICSERVICES_IDX;ELETTRONICSERVICES_IDX_sensorCalCertNo;1;RO;RO;RO;RO
;ELETTRONICSERVICES_IDX;ELETTRONICSERVICES_IDX_sensorCalCertNo;2;RO;RO;RO;RO
;ELETTRONICSERVICES_IDX;ELETTRONICSERVICES_IDX_sensorCalCertNo;3;RO;RO;RO;RO
;ELETTRONICSERVICES_IDX;ELETTRONICSERVICES_IDX_sensorCalCertNo;4;RO;RO;RO;RO
;ELETTRONICSERVICES_IDX;ELETTRONICSERVICES_IDX_sensorCalCertNo;5;RO;RO;RO;RO
;ELETTRONICSERVICES_IDX;ELETTRONICSERVICES_IDX_sensorCalCertNo;6;RO;RO;RO;RO
;ELETTRONICSERVICES_IDX;ELETTRONICSERVICES_IDX_sensorCalCertNo;7;RO;RO;RO;RO
;ELETTRONICSERVICES_IDX;ELETTRONICSERVICES_IDX_sensorCalCertNo;8;RO;RO;RO;RO
;ELETTRONICSERVICES_IDX;ELETTRONICSERVICES_IDX_sensorCalCertNo;9;RO;RO;RO;RO
;ELETTRONICSERVICES_IDX;ELETTRONICSERVICES_IDX_sensorCalCertNo;10;RO;RO;RO;RO
;ELETTRONICSERVICES_IDX;ELETTRONICSERVICES_IDX_sensorCalCertNo;11;RO;RO;RO;RO
;ELETTRONICSERVICES_IDX;ELETTRONICSERVICES_IDX_sensorCalCertNo;12;RO;RO;RO;RO
;ELETTRONICSERVICES_IDX;ELETTRONICSERVICES_IDX_sensorCalCertNo;13;RO;RO;RO;RO
;ELETTRONICSERVICES_IDX;ELETTRONICSERVICES_IDX_sensorCalCertNo;14;RO;RO;RO;RO
;ELETTRONICSERVICES_IDX;ELETTRONICSERVICES_IDX_sensorCalCertNo;15;RO;RO;RO;RO
;ELETTRONICSERVICES_IDX;ELETTRONICSERVICES_IDX_sensorCalCertNo;16;RO;RO;RO;RO
;ELETTRONICSERVICES_IDX;ELETTRONICSERVICES_IDX_sensorCalCertNo;17;RO;RO;RO;RO
;ELETTRONICSERVICES_IDX;ELETTRONICSERVICES_IDX_sensorCalCertNo;18;RO;RO;RO;RO
;ELETTRONICSERVICES_IDX;ELETTRONICSERVICES_IDX_sensorCalCertNo;19;RO;RO;RO;RO
;ELETTRONICSERVICES_IDX;ELETTRONICSERVICES_IDX_sensorCalLocation;0;RO;RO;RO;RO
;ELETTRONICSERVICES_IDX;ELETTRONICSERVICES_IDX_sensorCalLocation;1;RO;RO;RO;RO
;ELETTRONICSERVICES_IDX;ELETTRONICSERVICES_IDX_sensorCalLocation;2;RO;RO;RO;RO
;ELETTRONICSERVICES_IDX;ELETTRONICSERVICES_IDX_sensorCalLocation;3;RO;RO;RO;RO
;ELETTRONICSERVICES_IDX;ELETTRONICSERVICES_IDX_sensorCalLocation;4;RO;RO;RO;RO
;ELETTRONICSERVICES_IDX;ELETTRONICSERVICES_IDX_sensorCalLocation;5;RO;RO;RO;RO
;ELETTRONICSERVICES_IDX;ELETTRONICSERVICES_IDX_sensorCalLocation;6;RO;RO;RO;RO
;ELETTRONICSERVICES_IDX;ELETTRONICSERVICES_IDX_sensorCalLocation;7;RO;RO;RO;RO
;ELETTRONICSERVICES_IDX;ELETTRONICSERVICES_IDX_sensorCalLocation;8;RO;RO;RO;RO
;ELETTRONICSERVICES_IDX;ELETTRONICSERVICES_IDX_sensorCalLocation;9;RO;RO;RO;RO
;ELETTRONICSERVICES_IDX;ELETTRONICSERVICES_IDX_sensorCalLocation;10;RO;RO;RO;RO
;ELETTRONICSERVICES_IDX;ELETTRONICSERVICES_IDX_sensorCalLocation;11;RO;RO;RO;RO
;ELETTRONICSERVICES_IDX;ELETTRONICSERVICES_IDX_sensorCalLocation;12;RO;RO;RO;RO
;ELETTRONICSERVICES_IDX;ELETTRONICSERVICES_IDX_sensorCalLocation;13;RO;RO;RO;RO
;ELETTRONICSERVICES_IDX;ELETTRONICSERVICES_IDX_sensorCalLocation;14;RO;RO;RO;RO
;ELETTRONICSERVICES_IDX;ELETTRONICSERVICES_IDX_sensorCalLocation;15;RO;RO;RO;RO
;ELETTRONICSERVICES_IDX;ELETTRONICSERVICES_IDX_sensorCalLocation;16;RO;RO;RO;RO
;ELETTRONICSERVICES_IDX;ELETTRONICSERVICES_IDX_sensorCalLocation;17;RO;RO;RO;RO
;ELETTRONICSERVICES_IDX;ELETTRONICSERVICES_IDX_sensorCalLocation;18;RO;RO;RO;RO
;ELETTRONICSERVICES_IDX;ELETTRONICSERVICES_IDX_sensorCalLocation;19;RO;RO;RO;RO
;ELETTRONICSERVICES_IDX;ELETTRONICSERVICES_IDX_sensorCalLocation;20;RO;RO;RO;RO
;ELETTRONICSERVICES_IDX;ELETTRONICSERVICES_IDX_sensorCalLocation;21;RO;RO;RO;RO
;ELETTRONICSERVICES_IDX;ELETTRONICSERVICES_IDX_sensorCalLocation;22;RO;RO;RO;RO
;ELETTRONICSERVICES_IDX;ELETTRONICSERVICES_IDX_sensorCalLocation;23;RO;RO;RO;RO
;ELETTRONICSERVICES_IDX;ELETTRONICSERVICES_IDX_sensorCalLocation;24;RO;RO;RO;RO
;ELETTRONICSERVICES_IDX;ELETTRONICSERVICES_IDX_sensorCalLocation;25;RO;RO;RO;RO
;ELETTRONICSERVICES_IDX;ELETTRONICSERVICES_IDX_sensorCalLocation;26;RO;RO;RO;RO
;ELETTRONICSERVICES_IDX;ELETTRONICSERVICES_IDX_sensorCalLocation;27;RO;RO;RO;RO
;ELETTRONICSERVICES_IDX;ELETTRONICSERVICES_IDX_sensorCalLocation;28;RO;RO;RO;RO
;ELETTRONICSERVICES_IDX;ELETTRONICSERVICES_IDX_sensorCalLocation;29;RO;RO;RO;RO
;ELETTRONICSERVICES_IDX;ELETTRONICSERVICES_IDX_sensorCalLocation;30;RO;RO;RO;RO
;ELETTRONICSERVICES_IDX;ELETTRONICSERVICES_IDX_sensorCalLocation;31;RO;RO;RO;RO
;ELETTRONICSERVICES_IDX;ELETTRONICSERVICES_IDX_swRevisionHmi_transmitter;0;RO;RO;RO;RO
;ELETTRONICSERVICES_IDX;ELETTRONICSERVICES_IDX_swRevisionHmi_transmitter;1;RO;RO;RO;RO
;ELETTRONICSERVICES_IDX;ELETTRONICSERVICES_IDX_swRevisionHmi_transmitter;2;RO;RO;RO;RO
;ELETTRONICSERVICES_IDX;ELETTRONICSERVICES_IDX_swRevisionHmi_transmitter;3;RO;RO;RO;RO
;ELETTRONICSERVICES_IDX;ELETTRONICSERVICES_IDX_swRevisionHmi_transmitter;4;RO;RO;RO;RO
;ELETTRONICSERVICES_IDX;ELETTRONICSERVICES_IDX_swRevisionHmi_transmitter;5;RO;RO;RO;RO
;ELETTRONICSERVICES_IDX;ELETTRONICSERVICES_IDX_swRevisionHmi_transmitter;6;RO;RO;RO;RO
;ELETTRONICSERVICES_IDX;ELETTRONICSERVICES_IDX_swRevisionHmi_transmitter;7;RO;RO;RO;RO
;ELETTRONICSERVICES_IDX;ELETTRONICSERVICES_IDX_hwRevisionHmi_transmitter;0;RO;RO;RO;RO
;ELETTRONICSERVICES_IDX;ELETTRONICSERVICES_IDX_hwRevisionHmi_transmitter;1;RO;RO;RO;RO
;ELETTRONICSERVICES_IDX;ELETTRONICSERVICES_IDX_hwRevisionHmi_transmitter;2;RO;RO;RO;RO
;ELETTRONICSERVICES_IDX;ELETTRONICSERVICES_IDX_hwRevisionHmi_transmitter;3;RO;RO;RO;RO
;ELETTRONICSERVICES_IDX;ELETTRONICSERVICES_IDX_hwRevisionHmi_transmitter;4;RO;RO;RO;RO
;ELETTRONICSERVICES_IDX;ELETTRONICSERVICES_IDX_hwRevisionHmi_transmitter;5;RO;RO;RO;RO
;ELETTRONICSERVICES_IDX;ELETTRONICSERVICES_IDX_hwRevisionHmi_transmitter;6;RO;RO;RO;RO
;ELETTRONICSERVICES_IDX;ELETTRONICSERVICES_IDX_hwRevisionHmi_transmitter;7;RO;RO;RO;RO
;ELETTRONICSERVICES_IDX;ELETTRONICSERVICES_IDX_swRevisionHmi_fe;0;RO;RO;RO;RO
;ELETTRONICSERVICES_IDX;ELETTRONICSERVICES_IDX_swRevisionHmi_fe;1;RO;RO;RO;RO
;ELETTRONICSERVICES_IDX;ELETTRONICSERVICES_IDX_swRevisionHmi_fe;2;RO;RO;RO;RO
;ELETTRONICSERVICES_IDX;ELETTRONICSERVICES_IDX_swRevisionHmi_fe;3;RO;RO;RO;RO
;ELETTRONICSERVICES_IDX;ELETTRONICSERVICES_IDX_swRevisionHmi_fe;4;RO;RO;RO;RO
;ELETTRONICSERVICES_IDX;ELETTRONICSERVICES_IDX_swRevisionHmi_fe;5;RO;RO;RO;RO
;ELETTRONICSERVICES_IDX;ELETTRONICSERVICES_IDX_swRevisionHmi_fe;6;RO;RO;RO;RO
;ELETTRONICSERVICES_IDX;ELETTRONICSERVICES_IDX_swRevisionHmi_fe;7;RO;RO;RO;RO
;ELETTRONICSERVICES_IDX;ELETTRONICSERVICES_IDX_hwRevisionHmi_fe;0;RO;RO;RO;RO
;ELETTRONICSERVICES_IDX;ELETTRONICSERVICES_IDX_hwRevisionHmi_fe;1;RO;RO;RO;RO
;ELETTRONICSERVICES_IDX;ELETTRONICSERVICES_IDX_hwRevisionHmi_fe;2;RO;RO;RO;RO
;ELETTRONICSERVICES_IDX;ELETTRONICSERVICES_IDX_hwRevisionHmi_fe;3;RO;RO;RO;RO
;ELETTRONICSERVICES_IDX;ELETTRONICSERVICES_IDX_hwRevisionHmi_fe;4;RO;RO;RO;RO
;ELETTRONICSERVICES_IDX;ELETTRONICSERVICES_IDX_hwRevisionHmi_fe;5;RO;RO;RO;RO
;ELETTRONICSERVICES_IDX;ELETTRONICSERVICES_IDX_hwRevisionHmi_fe;6;RO;RO;RO;RO
;ELETTRONICSERVICES_IDX;ELETTRONICSERVICES_IDX_hwRevisionHmi_fe;7;RO;RO;RO;RO
;ELETTRONICSERVICES_IDX;ELETTRONICSERVICES_IDX_bootloaderRevision;0;RO;RO;RO;RO
;ELETTRONICSERVICES_IDX;ELETTRONICSERVICES_IDX_bootloaderRevision;1;RO;RO;RO;RO
;ELETTRONICSERVICES_IDX;ELETTRONICSERVICES_IDX_bootloaderRevision;2;RO;RO;RO;RO
;ELETTRONICSERVICES_IDX;ELETTRONICSERVICES_IDX_bootloaderRevision;3;RO;RO;RO;RO
;ELETTRONICSERVICES_IDX;ELETTRONICSERVICES_IDX_bootloaderRevision;4;RO;RO;RO;RO
;ELETTRONICSERVICES_IDX;ELETTRONICSERVICES_IDX_bootloaderRevision;5;RO;RO;RO;RO
;ELETTRONICSERVICES_IDX;ELETTRONICSERVICES_IDX_bootloaderRevision;6;RO;RO;RO;RO
;ELETTRONICSERVICES_IDX;ELETTRONICSERVICES_IDX_bootloaderRevision;7;RO;RO;RO;RO
;ELETTRONICSERVICES_IDX;ELETTRONICSERVICES_IDX_tranCalDate;0;RO;RO;RO;RO
;ELETTRONICSERVICES_IDX;ELETTRONICSERVICES_IDX_tranCalDate;1;RO;RO;RO;RO
;ELETTRONICSERVICES_IDX;ELETTRONICSERVICES_IDX_tranCalDate;2;RO;RO;RO;RO
;ELETTRONICSERVICES_IDX;ELETTRONICSERVICES_IDX_tranCalDate;3;RO;RO;RO;RO
;ELETTRONICSERVICES_IDX;ELETTRONICSERVICES_IDX_tranCalDate;4;RO;RO;RO;RO
;ELETTRONICSERVICES_IDX;ELETTRONICSERVICES_IDX_tranCalDate;5;RO;RO;RO;RO
;ELETTRONICSERVICES_IDX;ELETTRONICSERVICES_IDX_tranCalDate;6;RO;RO;RO;RO
;ELETTRONICSERVICES_IDX;ELETTRONICSERVICES_IDX_tranCalDate;7;RO;RO;RO;RO
;ELETTRONICSERVICES_IDX;ELETTRONICSERVICES_IDX_tranCalDate;8;RO;RO;RO;RO
;ELETTRONICSERVICES_IDX;ELETTRONICSERVICES_IDX_tranCalDate;9;RO;RO;RO;RO
;ELETTRONICSERVICES_IDX;ELETTRONICSERVICES_IDX_tranCalDate;10;RO;RO;RO;RO
;ELETTRONICSERVICES_IDX;ELETTRONICSERVICES_IDX_tranCalDate;11;RO;RO;RO;RO
;ELETTRONICSERVICES_IDX;ELETTRONICSERVICES_IDX_tranCalCertNo;0;RO;RO;RO;RO
;ELETTRONICSERVICES_IDX;ELETTRONICSERVICES_IDX_tranCalCertNo;1;RO;RO;RO;RO
;ELETTRONICSERVICES_IDX;ELETTRONICSERVICES_IDX_tranCalCertNo;2;RO;RO;RO;RO
;ELETTRONICSERVICES_IDX;ELETTRONICSERVICES_IDX_tranCalCertNo;3;RO;RO;RO;RO
;ELETTRONICSERVICES_IDX;ELETTRONICSERVICES_IDX_tranCalCertNo;4;RO;RO;RO;RO
;ELETTRONICSERVICES_IDX;ELETTRONICSERVICES_IDX_tranCalCertNo;5;RO;RO;RO;RO
;ELETTRONICSERVICES_IDX;ELETTRONICSERVICES_IDX_tranCalCertNo;6;RO;RO;RO;RO
;ELETTRONICSERVICES_IDX;ELETTRONICSERVICES_IDX_tranCalCertNo;7;RO;RO;RO;RO
;ELETTRONICSERVICES_IDX;ELETTRONICSERVICES_IDX_tranCalCertNo;8;RO;RO;RO;RO
;ELETTRONICSERVICES_IDX;ELETTRONICSERVICES_IDX_tranCalCertNo;9;RO;RO;RO;RO
;ELETTRONICSERVICES_IDX;ELETTRONICSERVICES_IDX_tranCalCertNo;10;RO;RO;RO;RO
;ELETTRONICSERVICES_IDX;ELETTRONICSERVICES_IDX_tranCalCertNo;11;RO;RO;RO;RO
;ELETTRONICSERVICES_IDX;ELETTRONICSERVICES_IDX_tranCalCertNo;12;RO;RO;RO;RO
;ELETTRONICSERVICES_IDX;ELETTRONICSERVICES_IDX_tranCalCertNo;13;RO;RO;RO;RO
;ELETTRONICSERVICES_IDX;ELETTRONICSERVICES_IDX_tranCalCertNo;14;RO;RO;RO;RO
;ELETTRONICSERVICES_IDX;ELETTRONICSERVICES_IDX_tranCalCertNo;15;RO;RO;RO;RO
;ELETTRONICSERVICES_IDX;ELETTRONICSERVICES_IDX_tranCalCertNo;16;RO;RO;RO;RO
;ELETTRONICSERVICES_IDX;ELETTRONICSERVICES_IDX_tranCalCertNo;17;RO;RO;RO;RO
;ELETTRONICSERVICES_IDX;ELETTRONICSERVICES_IDX_tranCalCertNo;18;RO;RO;RO;RO
;ELETTRONICSERVICES_IDX;ELETTRONICSERVICES_IDX_tranCalCertNo;19;RO;RO;RO;RO
;ELETTRONICSERVICES_IDX;ELETTRONICSERVICES_IDX_tranCalLocation;0;RW;RW;RW;RW
;ELETTRONICSERVICES_IDX;ELETTRONICSERVICES_IDX_tranCalLocation;1;RW;RW;RW;RW
;ELETTRONICSERVICES_IDX;ELETTRONICSERVICES_IDX_tranCalLocation;2;RW;RW;RW;RW
;ELETTRONICSERVICES_IDX;ELETTRONICSERVICES_IDX_tranCalLocation;3;RW;RW;RW;RW
;ELETTRONICSERVICES_IDX;ELETTRONICSERVICES_IDX_tranCalLocation;4;RW;RW;RW;RW
;ELETTRONICSERVICES_IDX;ELETTRONICSERVICES_IDX_tranCalLocation;5;RW;RW;RW;RW
;ELETTRONICSERVICES_IDX;ELETTRONICSERVICES_IDX_tranCalLocation;6;RW;RW;RW;RW
;ELETTRONICSERVICES_IDX;ELETTRONICSERVICES_IDX_tranCalLocation;7;RW;RW;RW;RW
;ELETTRONICSERVICES_IDX;ELETTRONICSERVICES_IDX_tranCalLocation;8;RW;RW;RW;RW
;ELETTRONICSERVICES_IDX;ELETTRONICSERVICES_IDX_tranCalLocation;9;RW;RW;RW;RW
;ELETTRONICSERVICES_IDX;ELETTRONICSERVICES_IDX_tranCalLocation;10;RW;RW;RW;RW
;ELETTRONICSERVICES_IDX;ELETTRONICSERVICES_IDX_tranCalLocation;11;RW;RW;RW;RW
;ELETTRONICSERVICES_IDX;ELETTRONICSERVICES_IDX_tranCalLocation;12;RW;RW;RW;RW
;ELETTRONICSERVICES_IDX;ELETTRONICSERVICES_IDX_tranCalLocation;13;RW;RW;RW;RW
;ELETTRONICSERVICES_IDX;ELETTRONICSERVICES_IDX_tranCalLocation;14;RW;RW;RW;RW
;ELETTRONICSERVICES_IDX;ELETTRONICSERVICES_IDX_tranCalLocation;15;RW;RW;RW;RW
;ELETTRONICSERVICES_IDX;ELETTRONICSERVICES_IDX_tranCalLocation;16;RW;RW;RW;RW
;ELETTRONICSERVICES_IDX;ELETTRONICSERVICES_IDX_tranCalLocation;17;RW;RW;RW;RW
;ELETTRONICSERVICES_IDX;ELETTRONICSERVICES_IDX_tranCalLocation;18;RW;RW;RW;RW
;ELETTRONICSERVICES_IDX;ELETTRONICSERVICES_IDX_tranCalLocation;19;RW;RW;RW;RW
;ELETTRONICSERVICES_IDX;ELETTRONICSERVICES_IDX_tranCalLocation;20;RW;RW;RW;RW
;ELETTRONICSERVICES_IDX;ELETTRONICSERVICES_IDX_tranCalLocation;21;RW;RW;RW;RW
;ELETTRONICSERVICES_IDX;ELETTRONICSERVICES_IDX_tranCalLocation;22;RW;RW;RW;RW
;ELETTRONICSERVICES_IDX;ELETTRONICSERVICES_IDX_tranCalLocation;23;RW;RW;RW;RW
;ELETTRONICSERVICES_IDX;ELETTRONICSERVICES_IDX_tranCalLocation;24;RW;RW;RW;RW
;ELETTRONICSERVICES_IDX;ELETTRONICSERVICES_IDX_tranCalLocation;25;RW;RW;RW;RW
;ELETTRONICSERVICES_IDX;ELETTRONICSERVICES_IDX_tranCalLocation;26;RW;RW;RW;RW
;ELETTRONICSERVICES_IDX;ELETTRONICSERVICES_IDX_tranCalLocation;27;RW;RW;RW;RW
;ELETTRONICSERVICES_IDX;ELETTRONICSERVICES_IDX_tranCalLocation;28;RW;RW;RW;RW
;ELETTRONICSERVICES_IDX;ELETTRONICSERVICES_IDX_tranCalLocation;29;RW;RW;RW;RW
;ELETTRONICSERVICES_IDX;ELETTRONICSERVICES_IDX_tranCalLocation;30;RW;RW;RW;RW
;ELETTRONICSERVICES_IDX;ELETTRONICSERVICES_IDX_tranCalLocation;31;RW;RW;RW;RW
;SVM_IDX;SVM_IDX_dynViscosity;0;RO;RW;RW;RW
;CDT_IDX;CDT_IDX_temperatureOffsetCorrectUserDisp;0;RO;RW;RW;RW
;ELETTRONICSERVICES_IDX;ELETTRONICSERVICES_IDX_autozeroStatus;0;RO;RO;RO;RO
;CDT_IDX;CDT_IDX_lowFlowThresh;0;RO;RW;RW;RW
;CDT_IDX;CDT_IDX_ext_algSelection;0;RO;RW;RW;RW
;CDT_IDX;CDT_IDX_vbrCorrectionOn;0;RO;RW;RW;RW
;HMI_IDX;HMI_IDX_displayMode_1;0;RO;RW;RW;RW
;HMI_IDX;HMI_IDX_mainOperatorView_1_1;0;RO;RW;RW;RW
;HMI_IDX;HMI_IDX_mainOperatorView_1_2;0;RO;RW;RW;RW
;HMI_IDX;HMI_IDX_mainOperatorView_1_3;0;RO;RW;RW;RW
;HMI_IDX;HMI_IDX_mainOperatorView_1_bargraph;0;RO;RW;RW;RW
;HMI_IDX;HMI_IDX_displayMode_2;0;RO;RW;RW;RW
;HMI_IDX;HMI_IDX_mainOperatorView_2_1;0;RO;RW;RW;RW
;HMI_IDX;HMI_IDX_mainOperatorView_2_2;0;RO;RW;RW;RW
;HMI_IDX;HMI_IDX_mainOperatorView_2_3;0;RO;RW;RW;RW
;HMI_IDX;HMI_IDX_mainOperatorView_2_bargraph;0;RO;RW;RW;RW
;HMI_IDX;HMI_IDX_displayMode_3;0;RO;RW;RW;RW
;HMI_IDX;HMI_IDX_mainOperatorView_3_1;0;RO;RW;RW;RW
;HMI_IDX;HMI_IDX_mainOperatorView_3_2;0;RO;RW;RW;RW
;HMI_IDX;HMI_IDX_mainOperatorView_3_3;0;RO;RW;RW;RW
;HMI_IDX;HMI_IDX_mainOperatorView_3_bargraph;0;RO;RW;RW;RW
;HMI_IDX;HMI_IDX_displayMode_4;0;RO;RW;RW;RW
;HMI_IDX;HMI_IDX_mainOperatorView_4_1;0;RO;RW;RW;RW
;HMI_IDX;HMI_IDX_mainOperatorView_4_2;0;RO;RW;RW;RW
;HMI_IDX;HMI_IDX_mainOperatorView_4_3;0;RO;RW;RW;RW
;HMI_IDX;HMI_IDX_mainOperatorView_4_bargraph;0;RO;RW;RW;RW
;DIGITALOUTPUT_IDX;DIGITALOUTPUT_IDX_generalAlarm;0;RO;RW;RW;RW
;DIGITALOUTPUT_IDX;DIGITALOUTPUT_IDX_minFlowrateAlarm;0;RO;RW;RW;RW
;DIGITALOUTPUT_IDX;DIGITALOUTPUT_IDX_maxFlowrateAlarm;0;RO;RW;RW;RW
;DIGITALOUTPUT_IDX;DIGITALOUTPUT_IDX_maxTemperatureAlarm;0;RO;RW;RW;RW
;DIGITALOUTPUT_IDX;DIGITALOUTPUT_IDX_minTemperatureAlarm;0;RO;RW;RW;RW
;DIGITALOUTPUT_IDX;DIGITALOUTPUT_IDX_lowFlowCutOff;0;RO;RW;RW;RW
;ETH_IDX;ETH_IDX_selectedMainProtocol;0;RO;RW;RW;RW
;ETH_IDX;ETH_IDX_useDhcp;0;RO;RW;RW;RW
;ETH_IDX;ETH_IDX_hostAddress;0;RO;RW;RW;RW
;ETH_IDX;ETH_IDX_subnetMask;0;RO;RW;RW;RW
;ETH_IDX;ETH_IDX_gatewayAddress;0;RO;RW;RW;RW
;ETH_IDX;ETH_IDX_ntpServerAddress;0;RO;RW;RW;RW
;ETH_IDX;ETH_IDX_hostName;0;RO;RW;RW;RW
;ETH_IDX;ETH_IDX_hostName;1;RO;RW;RW;RW
;ETH_IDX;ETH_IDX_hostName;2;RO;RW;RW;RW
;ETH_IDX;ETH_IDX_hostName;3;RO;RW;RW;RW
;ETH_IDX;ETH_IDX_hostName;4;RO;RW;RW;RW
;ETH_IDX;ETH_IDX_hostName;5;RO;RW;RW;RW
;ETH_IDX;ETH_IDX_hostName;6;RO;RW;RW;RW
;ETH_IDX;ETH_IDX_hostName;7;RO;RW;RW;RW
;ETH_IDX;ETH_IDX_hostName;8;RO;RW;RW;RW
;ETH_IDX;ETH_IDX_hostName;9;RO;RW;RW;RW
;ETH_IDX;ETH_IDX_hostName;10;RO;RW;RW;RW
;ETH_IDX;ETH_IDX_hostName;11;RO;RW;RW;RW
;ETH_IDX;ETH_IDX_hostName;12;RO;RW;RW;RW
;ETH_IDX;ETH_IDX_hostName;13;RO;RW;RW;RW
;ETH_IDX;ETH_IDX_hostName;14;RO;RW;RW;RW
;ETH_IDX;ETH_IDX_hostName;15;RO;RW;RW;RW
;ETH_IDX;ETH_IDX_hostName;16;RO;RW;RW;RW
;ETH_IDX;ETH_IDX_hostName;17;RO;RW;RW;RW
;ETH_IDX;ETH_IDX_hostName;18;RO;RW;RW;RW
;ETH_IDX;ETH_IDX_hostName;19;RO;RW;RW;RW
;ETH_IDX;ETH_IDX_hostName;20;RO;RW;RW;RW
;ETH_IDX;ETH_IDX_hostName;21;RO;RW;RW;RW
;ETH_IDX;ETH_IDX_hostName;22;RO;RW;RW;RW
;ETH_IDX;ETH_IDX_hostName;23;RO;RW;RW;RW
;ETH_IDX;ETH_IDX_hostName;24;RO;RW;RW;RW
;ETH_IDX;ETH_IDX_hostName;25;RO;RW;RW;RW
;ETH_IDX;ETH_IDX_hostName;26;RO;RW;RW;RW
;ETH_IDX;ETH_IDX_hostName;27;RO;RW;RW;RW
;ETH_IDX;ETH_IDX_hostName;28;RO;RW;RW;RW
;ETH_IDX;ETH_IDX_hostName;29;RO;RW;RW;RW
;ETH_IDX;ETH_IDX_hostName;30;RO;RW;RW;RW
;ETH_IDX;ETH_IDX_domainName;0;RO;RW;RW;RW
;ETH_IDX;ETH_IDX_domainName;1;RO;RW;RW;RW
;ETH_IDX;ETH_IDX_domainName;2;RO;RW;RW;RW
;ETH_IDX;ETH_IDX_domainName;3;RO;RW;RW;RW
;ETH_IDX;ETH_IDX_domainName;4;RO;RW;RW;RW
;ETH_IDX;ETH_IDX_domainName;5;RO;RW;RW;RW
;ETH_IDX;ETH_IDX_domainName;6;RO;RW;RW;RW
;ETH_IDX;ETH_IDX_domainName;7;RO;RW;RW;RW
;ETH_IDX;ETH_IDX_domainName;8;RO;RW;RW;RW
;ETH_IDX;ETH_IDX_domainName;9;RO;RW;RW;RW
;ETH_IDX;ETH_IDX_domainName;10;RO;RW;RW;RW
;ETH_IDX;ETH_IDX_domainName;11;RO;RW;RW;RW
;ETH_IDX;ETH_IDX_domainName;12;RO;RW;RW;RW
;ETH_IDX;ETH_IDX_domainName;13;RO;RW;RW;RW
;ETH_IDX;ETH_IDX_domainName;14;RO;RW;RW;RW
;ETH_IDX;ETH_IDX_domainName;15;RO;RW;RW;RW
;ETH_IDX;ETH_IDX_domainName;16;RO;RW;RW;RW
;ETH_IDX;ETH_IDX_domainName;17;RO;RW;RW;RW
;ETH_IDX;ETH_IDX_domainName;18;RO;RW;RW;RW
;ETH_IDX;ETH_IDX_domainName;19;RO;RW;RW;RW
;ETH_IDX;ETH_IDX_domainName;20;RO;RW;RW;RW
;ETH_IDX;ETH_IDX_domainName;21;RO;RW;RW;RW
;ETH_IDX;ETH_IDX_domainName;22;RO;RW;RW;RW
;ETH_IDX;ETH_IDX_domainName;23;RO;RW;RW;RW
;ETH_IDX;ETH_IDX_domainName;24;RO;RW;RW;RW
;ETH_IDX;ETH_IDX_domainName;25;RO;RW;RW;RW
;ETH_IDX;ETH_IDX_domainName;26;RO;RW;RW;RW
;ETH_IDX;ETH_IDX_domainName;27;RO;RW;RW;RW
;ETH_IDX;ETH_IDX_domainName;28;RO;RW;RW;RW
;ETH_IDX;ETH_IDX_domainName;29;RO;RW;RW;RW
;ETH_IDX;ETH_IDX_domainName;30;RO;RW;RW;RW
;ETH_IDX;ETH_IDX_dnsAddress;0;RO;RW;RW;RW
;ETH_IDX;ETH_IDX_enableProfinetIo;0;RO;RW;RW;RW
;ETH_IDX;ETH_IDX_enableModbusTcp;0;RO;RW;RW;RW
;MODBUS_IDX;MODBUS_IDX_modbusIEEEFormat;0;RO;RW;RW;RW
;ETH_IDX;ETH_IDX_enableWebserver;0;RO;RW;RW;RW
;WEBSRV_IDX;0;0;RW;RW;RW;RW
;WEBSRV_IDX;WEBSRV_IDX_sessionTimeoutInMinutes;0;RO;RW;RW;RW
;ETH_IDX;ETH_IDX_ipStats;0;RW;RW;RW;RW
;ETH_IDX;ETH_IDX_port1EthStatsHMI;0;RW;RW;RW;RW
;ETH_IDX;ETH_IDX_port1EthStatsHMI;1;RW;RW;RW;RW
;ETH_IDX;ETH_IDX_port1EthStatsHMI;2;RW;RW;RW;RW
;ETH_IDX;ETH_IDX_port1EthStatsHMI;3;RW;RW;RW;RW
;TOTALIZER_IDX;TOTALIZER_IDX_totQvPresetValue;0;RO;RW;RW;RW
;TOTALIZER_IDX;TOTALIZER_IDX_totQnPresetValue;0;RO;RW;RW;RW
;TOTALIZER_IDX;TOTALIZER_IDX_totQmPresetValue;0;RO;RW;RW;RW
;TOTALIZER_IDX;TOTALIZER_IDX_totEnergyPresetValue;0;RO;RW;RW;RW
;TOTALIZER_IDX;TOTALIZER_IDX_totQvPartialPresetValue;0;RO;RW;RW;RW
;TOTALIZER_IDX;TOTALIZER_IDX_totQnPartialPresetValue;0;RO;RW;RW;RW
;TOTALIZER_IDX;TOTALIZER_IDX_PresetAllTotalizer;0;RO;RW;RW;RW
;TOTALIZER_IDX;TOTALIZER_IDX_PresetQvTotalizer;0;RO;RW;RW;RW
;TOTALIZER_IDX;TOTALIZER_IDX_PresetQnTotalizer;0;RO;RW;RW;RW
;TOTALIZER_IDX;TOTALIZER_IDX_PresetQmTotalizer;0;RO;RW;RW;RW
;TOTALIZER_IDX;TOTALIZER_IDX_PresetEnergyTotalizer;0;RO;RW;RW;RW
;TOTALIZER_IDX;TOTALIZER_IDX_PresetQvPartialTotalizer;0;RO;RW;RW;RW
;TOTALIZER_IDX;TOTALIZER_IDX_PresetQnPartialTotalizer;0;RO;RW;RW;RW
;TOTALIZER_IDX;TOTALIZER_IDX_totQvOverrollCnt;0;RO;RO;RO;RO
;TOTALIZER_IDX;TOTALIZER_IDX_totOverrollBase;0;RO;RO;RO;RO
;TOTALIZER_IDX;TOTALIZER_IDX_totQnOverrollCnt;0;RO;RO;RO;RO
;TOTALIZER_IDX;TOTALIZER_IDX_totQmOverrollCnt;0;RO;RO;RO;RO
;TOTALIZER_IDX;TOTALIZER_IDX_totEnergyOverrollCnt;0;RO;RO;RO;RO
;TOTALIZER_IDX;TOTALIZER_IDX_totQvPartialOverrollCnt;0;RO;RO;RO;RO
;TOTALIZER_IDX;TOTALIZER_IDX_totQnPartialOverrollCnt;0;RO;RO;RO;RO
;SVM_IDX;SVM_IDX_KAverageLiquid;0;RO;RO;RO;RW
;SVM_IDX;SVM_IDX_KLiquid;0;RO;RO;RO;RW
;SVM_IDX;SVM_IDX_KLiquid;1;RO;RO;RO;RW
;SVM_IDX;SVM_IDX_KLiquid;2;RO;RO;RO;RW
;SVM_IDX;SVM_IDX_KLiquid;3;RO;RO;RO;RW
;SVM_IDX;SVM_IDX_KLiquid;4;RO;RO;RO;RW
;SVM_IDX;SVM_IDX_KLiquid;5;RO;RO;RO;RW
;SVM_IDX;SVM_IDX_KLiquid;6;RO;RO;RO;RW
;SVM_IDX;SVM_IDX_KLiquid;7;RO;RO;RO;RW
;SVM_IDX;SVM_IDX_KLiquidFreq;0;RO;RO;RO;RW
;SVM_IDX;SVM_IDX_KLiquidFreq;1;RO;RO;RW;RW
;SVM_IDX;SVM_IDX_KLiquidFreq;2;RO;RO;RW;RW
;SVM_IDX;SVM_IDX_KLiquidFreq;3;RO;RO;RW;RW
;SVM_IDX;SVM_IDX_KLiquidFreq;4;RO;RO;RW;RW
;SVM_IDX;SVM_IDX_KLiquidFreq;5;RO;RO;RW;RW
;SVM_IDX;SVM_IDX_KLiquidFreq;6;RO;RO;RW;RW
;SVM_IDX;SVM_IDX_KLiquidFreq;7;RO;RO;RW;RW
;SVM_IDX;SVM_IDX_KAverageGas;0;RO;RO;RO;RW
;SVM_IDX;SVM_IDX_KGas;0;RO;RO;RO;RW
;SVM_IDX;SVM_IDX_KGas;1;RO;RO;RO;RW
;SVM_IDX;SVM_IDX_KGas;2;RO;RO;RO;RW
;SVM_IDX;SVM_IDX_KGas;3;RO;RO;RO;RW
;SVM_IDX;SVM_IDX_KGas;4;RO;RO;RO;RW
;SVM_IDX;SVM_IDX_KGas;5;RO;RO;RO;RW
;SVM_IDX;SVM_IDX_KGas;6;RO;RO;RO;RW
;SVM_IDX;SVM_IDX_KGas;7;RO;RO;RO;RW
;SVM_IDX;SVM_IDX_KGasFreq;0;RO;RO;RO;RW
;SVM_IDX;SVM_IDX_KGasFreq;1;RO;RO;RW;RW
;SVM_IDX;SVM_IDX_KGasFreq;2;RO;RO;RO;RW
;SVM_IDX;SVM_IDX_KGasFreq;3;RO;RO;RO;RW
;SVM_IDX;SVM_IDX_KGasFreq;4;RO;RO;RO;RW
;SVM_IDX;SVM_IDX_KGasFreq;5;RO;RO;RO;RW
;SVM_IDX;SVM_IDX_KGasFreq;6;RO;RO;RO;RW
;SVM_IDX;SVM_IDX_KGasFreq;7;RO;RO;RO;RW
;CDT_IDX;CDT_IDX_vbrFilStep;0;RO;RO;RO;RW
;CDT_IDX;CDT_IDX_vbrFilNumCoef;0;RO;RO;RO;RW
;CDT_IDX;CDT_IDX_lockMinIntPeriod;0;RO;RO;RO;RW
;CDT_IDX;CDT_IDX_lockMaxIntPeriod;0;RO;RO;RO;RW
;CDT_IDX;CDT_IDX_lockEstimation;0;RO;RO;RO;RW
;CDT_IDX;CDT_IDX_accuracyHigh;0;RO;RO;RO;RW
;CDT_IDX;CDT_IDX_accuracyMiddle;0;RO;RO;RO;RW
;CDT_IDX;CDT_IDX_accuracyLow;0;RO;RO;RO;RW
;CDT_IDX;CDT_IDX_analogGain;0;RO;RO;RO;RW
;CDT_IDX;CDT_IDX_gainCtrl;0;RO;RO;RO;RW
;CDT_IDX;CDT_IDX_gainLowThresh;0;RO;RO;RO;RW
;CDT_IDX;CDT_IDX_gainHighThresh;0;RO;RO;RO;RW
;CDT_IDX;CDT_IDX_gainMarginFreq;0;RO;RO;RO;RW
;CDT_IDX;CDT_IDX_gainMaxShift;0;RO;RO;RO;RW
;CDT_IDX;CDT_IDX_lowFlowThreshOn;0;RO;RO;RO;RW
;CDT_IDX;CDT_IDX_lowFlowThreshCoef;0;RO;RO;RO;RW
;CDT_IDX;CDT_IDX_noiseSampSize;0;RW;RW;RW;RW
;CDT_IDX;CDT_IDX_staticDecimation;0;RO;RO;RO;RW
;CDT_IDX;CDT_IDX_middleBufDecimation;0;RO;RO;RO;RW
;CDT_IDX;CDT_IDX_maxFlowFreq;0;RO;RO;RO;RW
;CDT_IDX;CDT_IDX_minFlowFreq;0;RO;RO;RO;RW
;CDT_IDX;CDT_IDX_freqMinMarginPer;0;RO;RO;RO;RW
;CDT_IDX;CDT_IDX_freqMaxMarginPer;0;RO;RO;RO;RW
