reserved;definition;name;value;briefDescription
##Module SubGen;;;;
##ModuleRevision 0x020101;;;;
##FileRevision 24;;;;
Copyright ABB 2011.;;;;
All rights reserved. Reproduction modification;;;;
use or disclosure to third parties without express;;;;
authority is forbidden.;;;;
!;;;;
!;;;;
";;;;
";;;;
;BurstModeEnumTable;BURSTMODE_OFF;0;Burst Mode off
;BurstModeEnumTable;BURSTMODE_ENABLE_ON_TOKEN_PASSING_DLL;1;Burst Mode enabled on Token-Passing Data Link Layer
;BurstCmdNumberHARTEnumTable;BURST_COMMAND_1;1;HART Command 1
;BurstCmdNumberHARTEnumTable;BURST_COMMAND_2;2;HART Command 2
;BurstCmdNumberHARTEnumTable;BURST_COMMAND_3;3;HART Command 3
;BurstCmdNumberHARTEnumTable;BURST_COMMAND_9;9;HART Command 9
;BurstCmdNumberHARTEnumTable;BURST_COMMAND_33;33;HART Command 33
;BurstCmdNumberHARTEnumTable;BURST_COMMAND_48;48;HART Command 48
;BurstTriggerModeCodeTable;BURST_TRIGGER_MODE_CONTINUOUS;0;
;BurstTriggerModeCodeTable;BURST_TRIGGER_MODE_WINDOW;1;
;BurstTriggerModeCodeTable;BURST_TRIGGER_MODE_RISING;2;
;BurstTriggerModeCodeTable;BURST_TRIGGER_MODE_FAILING;3;
;BurstTriggerModeCodeTable;BURST_TRIGGER_MODE_ON_CHANGE;4;
;ConfigExitTimerEnumTable;CONFIG_TIMER_STOP;0;Stop the Configtimer
;ConfigExitTimerEnumTable;CONFIG_TIMER_START;1;Start the Configtimer
;AutoAdjustConfigStateEnumTable;INIT_FALSE;0;no initialisation realised
;AutoAdjustConfigStateEnumTable;INIT_ONLY_CONTROLLER_FINISHED;3;init only controllerdata
;AutoAdjustConfigStateEnumTable;INIT_ONLY_VALVERANGE_FINISHED;5;init only valve range
;AutoAdjustConfigStateEnumTable;INIT_OK;7;initialisation realised
;CounterResetEnumTable;NO_RESET;0;no reset will be done
;CounterResetEnumTable;RESET_WDOG_COUNTER;2;Erase Watchdog Counter
;CounterResetEnumTable;RESET_POWERDN_COUNTER;4;Erase Power Down Counter
;CounterResetEnumTable;RESET_EEPROM_ERR_COUNTER;8;Erase EEPROM Error Counter
;CounterResetEnumTable;RESET_COMM_ERR_COUNTER;16;Erase communication error Counter
;CounterResetEnumTable;RESET_COMM_TIMEOUT_COUNTER;32;Erase communication time-out counter
;eepromControlTable;EEP_CTRL_SAVE_DATA;0;
;eepromControlTable;EEP_CTRL_LOAD_DATA;1;
;eepromControlTable;EEP_CTRL_PASSIVE;255;
;PV_AlarmSelctionCodeTable;PV_ALARMSEL_HIGH;0;
;PV_AlarmSelctionCodeTable;PV_ALARMSEL_LOW;1;
;PV_AlarmSelctionCodeTable;PV_ALARMSEL_HOLDLASTOUTPVALUE;239;
;PV_AlarmSelctionCodeTable;PV_ALARMSEL_NOT_USED;250;
;PV_AlarmSelctionCodeTable;PV_ALARMSEL_NONE;251;
;PV_AlarmSelctionCodeTable;PV_ALARMSEL_UNKNOWN;252;
;PV_AlarmSelctionCodeTable;PV_ALARMSEL_SPECIAL;253;
;PV_Transfer_FunctionCodeTable;PV_TRANSF_FC_LINEAR;0;
;PV_Transfer_FunctionCodeTable;PV_TRANSF_FC_SQUAREROOT;1;
;PV_Transfer_FunctionCodeTable;PV_TRANSF_FC_SQUAREROOT_THIRDPOW;2;
;PV_Transfer_FunctionCodeTable;PV_TRANSF_FC_SQUAREROOT_FIFTHPOW;3;
;PV_Transfer_FunctionCodeTable;PV_TRANSF_FC_SPECIALCURVE;4;
;PV_Transfer_FunctionCodeTable;PV_TRANSF_FC_SQUARE;5;
;PV_Transfer_FunctionCodeTable;PV_TRANSF_FC_NOT_USED;250;
;PV_Transfer_FunctionCodeTable;PV_TRANSF_FC_NONE;251;
;PV_Transfer_FunctionCodeTable;PV_TRANSF_FC_UNKOWN;252;
;PV_Transfer_FunctionCodeTable;PV_TRANSF_FC_SPECIAL;253;
;LoopCurrentModeTab;LOOP_CURRENT_MODE_DISABLED;0;
;LoopCurrentModeTab;LOOP_CURRENT_MODE_ENABLED;1;
;HartRevisionTable;HART_REVISION_5;5;
;HartRevisionTable;HART_REVISION_7;7;
;FindDeviceSwitchTable;FIND_DEVICE_DISABLED;0;
;FindDeviceSwitchTable;FIND_DEVICE_ONE_TIME;1;
;FindDeviceSwitchTable;FIND_DEVICE_CONTINUOUS;2;
;;LAYER7_CMD_INTERPRETER_CYCL_TIME;100;
;ExtendedDeviceStatusTable;DEFAULT_EXTENDED_DEVICE_STATUS;0;
;ExtendedDeviceStatusTable;MAINTENANCE_REQUIRED;1;
;ExtendedDeviceStatusTable;DEVICE_VARIABLE_ALERT;2;
;ExtendedDeviceStatusTable;CRITICAL_POWER_FAILURE;4;
;DeviceOperatingModeTable;DFEAULT_DEVICE_OPERATING_MODE;0;
;StandardizedStatus0Table;DEFAULT_STANDARDIZED_STATUS_0;0;
;StandardizedStatus0Table;SIMULATION_ACTIVE;1;
;StandardizedStatus0Table;NON_VOLATILE_MEMORY_DEFECT;2;
;StandardizedStatus0Table;VOLATILE_MEMORY_DEFECT;4;
;StandardizedStatus0Table;WATCHDOG_RESET_EXECUTED;8;
;StandardizedStatus0Table;VOLTAGE_CONDITIONS_OUT_OF_RANGE;16;
;StandardizedStatus0Table;ENVIRONMENTAL_CONDITIONS_OUT_OF_RANGE;32;
;StandardizedStatus0Table;ELECTRONIC_DEFECT;64;
;AnalogChannelFixedTable;DEFAULT_ANALOG_CHANNEL_FIXED;0;
;AnalogChannelFixedTable;ANALOG_CHANNEL_1_FIXED;1;
;AnalogChannelFixedTable;ANALOG_CHANNEL_2_FIXED;2;
;AnalogChannelFixedTable;ANALOG_CHANNEL_3_FIXED;4;
;AnalogChannelFixedTable;ANALOG_CHANNEL_4_FIXED;8;
;performDeviceResetTable;PERFORM_RESET_DEFAULT;0;
;performDeviceResetTable;PERFORM_RESET_PREPARE;85;
;performDeviceResetTable;PERFORM_RESET_GO;170;
;performDeviceResetTable;PERFORM_RESET;255;
;lockDeviceSelectionTable;LOCK_DEVICE_UNLOCKED;0;unlocked, funciton disabled
;lockDeviceSelectionTable;LOCK_DEVICE_TEMPORARY;1;i.e. device reset or power loss releases the lock
;lockDeviceSelectionTable;LOCK_DEVICE_PERMANENT;2;i.e. device reset or power loss does not affect the lock
;lockDeviceSelectionTable;LOCK_DEVICE_ALL;3;no changes in the device configuration, by any master is allowed
;lockDeviceStateTable;LOCK_STATE_UNLOCKED;0;See GetDeviceLockState(). Local panels check for unlocked else locked,
;lockDeviceStateTable;LOCK_STATE_SEC_MASTER_LOCKED;65;See GetDeviceLockState().  The secondary master channel is protected,
;lockDeviceStateTable;LOCK_STATE_SEC_MASTER_LOCKED_ALL;66;See GetDeviceLockState().  The secondary master initiated lock all, so only the sec master can remove this protection
;lockDeviceStateTable;LOCK_STATE_PRIM_MASTER_LOCKED;129;See GetDeviceLockState().  The primary master channel is protected,
;lockDeviceStateTable;LOCK_STATE_PRIM_MASTER_LOCKED_ALL;130;See GetDeviceLockState().  The primary master initiated lock all, so only the prim master can remove this protection
;lockDeviceStatusTable;LOCK_STATUS_NOT_LOCKED;0;See GetDeviceLockStatus(). Local panels check for unlocked else locked
;lockDeviceStatusTable;LOCK_STATUS_LOCKED;1;See GetDeviceLockStatus(). Local panels check for unlocked else locked
;lockDeviceStatusTable;LOCK_STATUS_PERMANENT_LOCK;2;See GetDeviceLockStatus(). Local panels check for unlocked else locked
;lockDeviceStatusTable;LOCK_STATUS_PRIM_MASTER_LOCK;4;See GetDeviceLockStatus(). Local panels check for unlocked else locked
;lockDeviceStatusTable;LOCK_STATUS_ALL_LOCK;8;See GetDeviceLockStatus(). Local panels check for unlocked else locked
;lockDeviceStatusTable;LOCK_STATUS_GATEWAY_LOCK;16;See GetDeviceLockStatus(). Local panels check for unlocked else locked
;pvtLabelDistCode_Command15_Table;MFR_ID_HARTMANN_BRAUN;22;Value as used in HART 5.9 devices with command 15
;pvtLabelDistCode_Command15_Table;MFR_ID_ABB;26;Value as used in HART 5.9 devices with command 15
;pvtLabelDistCode_Command15_Table;VALUE_USED_IN_HART7;250;Value as used in HART 7.x devices with command 15
;;DEVICE_REV_MAPPED_TO_DIFF_VAL;255;
;T_HART_UNIT_TYPES;UM_T_NOT_CLASSIFIED;0;Device Variable Classification introduced HART6,
;T_HART_UNIT_TYPES;UM_T_LENGTH;69;Device Variable Classification introduced HART6
;T_HART_UNIT_TYPES;UM_T_MASS;71;Device Variable Classification introduced HART6
;T_HART_UNIT_TYPES;UM_T_TIME;70;Device Variable Classification introduced HART6
;T_HART_UNIT_TYPES;UM_T_ELECTRIC_CURRENT;84;Device Variable Classification introduced HART6
;T_HART_UNIT_TYPES;UM_T_TEMPERATURE;64;Device Variable Classification introduced HART6
;T_HART_UNIT_TYPES;UM_T_AMOUNT_OF_SUBSTANCE;HART_UM_T_NOT_CLASSIFIED;Device Variable Classification introduced HART6
;T_HART_UNIT_TYPES;UM_T_LUMINOUS_INTENSITY;HART_UM_T_NOT_CLASSIFIED;Device Variable Classification introduced HART6
;T_HART_UNIT_TYPES;UM_T_AREA;76;Device Variable Classification introduced HART6
;T_HART_UNIT_TYPES;UM_T_VOLUME;68;Device Variable Classification introduced HART6
;T_HART_UNIT_TYPES;UM_T_VELOCITY;67;Device Variable Classification introduced HART6
;T_HART_UNIT_TYPES;UM_T_ACCELERATION;HART_UM_T_NOT_CLASSIFIED;Device Variable Classification introduced HART6
;T_HART_UNIT_TYPES;UM_T_WAVENUMBER;HART_UM_T_NOT_CLASSIFIED;Device Variable Classification introduced HART6
;T_HART_UNIT_TYPES;UM_T_MASS_DENSITY;HART_UM_T_NOT_CLASSIFIED;Device Variable Classification introduced HART6
;T_HART_UNIT_TYPES;UM_T_SPECIFIC_VOLUME;HART_UM_T_NOT_CLASSIFIED;Device Variable Classification introduced HART6
;T_HART_UNIT_TYPES;UM_T_CURRENT_DENSITY;HART_UM_T_NOT_CLASSIFIED;Device Variable Classification introduced HART6
;T_HART_UNIT_TYPES;UM_T_MAGNETIC_FIELD_STRENGTH;HART_UM_T_NOT_CLASSIFIED;Device Variable Classification introduced HART6
;T_HART_UNIT_TYPES;UM_T_CONCENTRATION;90;Device Variable Classification introduced HART6
;T_HART_UNIT_TYPES;UM_T_LUMINANCE;HART_UM_T_NOT_CLASSIFIED;Device Variable Classification introduced HART6
;T_HART_UNIT_TYPES;UM_T_REFRACTIVE_INDEX;HART_UM_T_NOT_CLASSIFIED;Device Variable Classification introduced HART6
;T_HART_UNIT_TYPES;UM_T_VOLUME_FLOW;66;Device Variable Classification introduced HART6
;T_HART_UNIT_TYPES;UM_T_MASS_FLOW;72;Device Variable Classification introduced HART6
;T_HART_UNIT_TYPES;UM_T_PLANE_ANGLE;86;Device Variable Classification introduced HART6
;T_HART_UNIT_TYPES;UM_T_SOLID_ANGLE;HART_UM_T_NOT_CLASSIFIED;Device Variable Classification introduced HART6
;T_HART_UNIT_TYPES;UM_T_FREQUENCY;80;Device Variable Classification introduced HART6
;T_HART_UNIT_TYPES;UM_T_FORCE;78;Device Variable Classification introduced HART6
;T_HART_UNIT_TYPES;UM_T_PRESSURE;65;Device Variable Classification introduced HART6
;T_HART_UNIT_TYPES;UM_T_ENERGY;77;Device Variable Classification introduced HART6
;T_HART_UNIT_TYPES;UM_T_POWER;79;Device Variable Classification introduced HART6
;T_HART_UNIT_TYPES;UM_T_ELECTRIC_CHARGE;HART_UM_T_NOT_CLASSIFIED;Device Variable Classification introduced HART6
;T_HART_UNIT_TYPES;UM_T_EMF;83;Device Variable Classification introduced HART6
;T_HART_UNIT_TYPES;UM_T_CAPACITANCE;82;Device Variable Classification introduced HART6
;T_HART_UNIT_TYPES;UM_T_ELECTRIC_RESISTANCE;85;Device Variable Classification introduced HART6
;T_HART_UNIT_TYPES;UM_T_ELECTRIC_RESISTIVITY;HART_UM_T_NOT_CLASSIFIED;Device Variable Classification introduced HART6
;T_HART_UNIT_TYPES;UM_T_ELECTRIC_CONDUCTANCE;87;Device Variable Classification introduced HART6
;T_HART_UNIT_TYPES;UM_T_ELECTRIC_CONDUCTIVITY;HART_UM_T_NOT_CLASSIFIED;Device Variable Classification introduced HART6
;T_HART_UNIT_TYPES;UM_T_MAGNETIC_FLUX;HART_UM_T_NOT_CLASSIFIED;Device Variable Classification introduced HART6
;T_HART_UNIT_TYPES;UM_T_MAGNETIC_FLUX_DENSITY;HART_UM_T_NOT_CLASSIFIED;Device Variable Classification introduced HART6
;T_HART_UNIT_TYPES;UM_T_INDUCTANCE;HART_UM_T_NOT_CLASSIFIED;Device Variable Classification introduced HART6
;T_HART_UNIT_TYPES;UM_T_LUMINOUS_FLUX;HART_UM_T_NOT_CLASSIFIED;Device Variable Classification introduced HART6
;T_HART_UNIT_TYPES;UM_T_ILLUMINANCE;HART_UM_T_NOT_CLASSIFIED;Device Variable Classification introduced HART6
;T_HART_UNIT_TYPES;UM_T_RADIONUCLIDE_ACTIVITY;HART_UM_T_NOT_CLASSIFIED;Device Variable Classification introduced HART6
;T_HART_UNIT_TYPES;UM_T_ABSORBED_DOSE;HART_UM_T_NOT_CLASSIFIED;Device Variable Classification introduced HART6
;T_HART_UNIT_TYPES;UM_T_EQUIVALENT_DOSE;HART_UM_T_NOT_CLASSIFIED;Device Variable Classification introduced HART6
;T_HART_UNIT_TYPES;UM_T_CATALYTIC_ACTIVITY;HART_UM_T_NOT_CLASSIFIED;Device Variable Classification introduced HART6
;T_HART_UNIT_TYPES;UM_T_DYNAMIC_VISCOSITY;74;Device Variable Classification introduced HART6
;T_HART_UNIT_TYPES;UM_T_MOMENT_OF_FORCE;77;TODO Device Variable Classification introduced HART6
;T_HART_UNIT_TYPES;UM_T_SURFACE_TENSION;HART_UM_T_NOT_CLASSIFIED;Device Variable Classification introduced HART6
;T_HART_UNIT_TYPES;UM_T_ANGULAR_VELOCITY;75;Device Variable Classification introduced HART6
;T_HART_UNIT_TYPES;UM_T_ANGULAR_ACCELERATION;HART_UM_T_NOT_CLASSIFIED;Device Variable Classification introduced HART6
;T_HART_UNIT_TYPES;UM_T_HEAT_FLUX_DENSITY;HART_UM_T_NOT_CLASSIFIED;Device Variable Classification introduced HART6
;T_HART_UNIT_TYPES;UM_T_HEAT_CAPACITY;HART_UM_T_NOT_CLASSIFIED;Device Variable Classification introduced HART6
;T_HART_UNIT_TYPES;UM_T_SPECIFIC_HEAT_CAPACITY;HART_UM_T_NOT_CLASSIFIED;Device Variable Classification introduced HART6
;T_HART_UNIT_TYPES;UM_T_SPECIFIC_ENERGY;HART_UM_T_NOT_CLASSIFIED;Device Variable Classification introduced HART6
;T_HART_UNIT_TYPES;UM_T_THERMAL_CONDUCTIVITY;HART_UM_T_NOT_CLASSIFIED;Device Variable Classification introduced HART6
;T_HART_UNIT_TYPES;UM_T_ENERGY_DENSITY;HART_UM_T_NOT_CLASSIFIED;Device Variable Classification introduced HART6
;T_HART_UNIT_TYPES;UM_T_ELECTRIC_FIELD_STRENGTH;HART_UM_T_NOT_CLASSIFIED;Device Variable Classification introduced HART6
;T_HART_UNIT_TYPES;UM_T_ELECTRIC_CHARGE_DENSITY;HART_UM_T_NOT_CLASSIFIED;Device Variable Classification introduced HART6
;T_HART_UNIT_TYPES;UM_T_ELECTRIC_FLUX_DENSITY;HART_UM_T_NOT_CLASSIFIED;Device Variable Classification introduced HART6
;T_HART_UNIT_TYPES;UM_T_PERMITTIVITY;HART_UM_T_NOT_CLASSIFIED;Device Variable Classification introduced HART6
;T_HART_UNIT_TYPES;UM_T_PERMEABILITY;HART_UM_T_NOT_CLASSIFIED;Device Variable Classification introduced HART6
;T_HART_UNIT_TYPES;UM_T_MOLAR_ENERGY;HART_UM_T_NOT_CLASSIFIED;Device Variable Classification introduced HART6
;T_HART_UNIT_TYPES;UM_T_MOLAR_ENTROPY;HART_UM_T_NOT_CLASSIFIED;Device Variable Classification introduced HART6
;T_HART_UNIT_TYPES;UM_T_EXPOSURE;HART_UM_T_NOT_CLASSIFIED;Device Variable Classification introduced HART6
;T_HART_UNIT_TYPES;UM_T_ABSORBED_DOSE_RATE;HART_UM_T_NOT_CLASSIFIED;Device Variable Classification introduced HART6
;T_HART_UNIT_TYPES;UM_T_RADIANT_INTENSITY;HART_UM_T_NOT_CLASSIFIED;Device Variable Classification introduced HART6
;T_HART_UNIT_TYPES;UM_T_RADIANCE;HART_UM_T_NOT_CLASSIFIED;Device Variable Classification introduced HART6
;T_HART_UNIT_TYPES;UM_T_CATALYTIC_CONCENTRATION;HART_UM_T_NOT_CLASSIFIED;Device Variable Classification introduced HART6
;T_HART_UNIT_TYPES;UM_T_VISCOSITY;74;Device Variable Classification introduced HART6
;T_HART_UNIT_TYPES;UM_T_VOLUME_PER_VOLUME;88;Device Variable Classification introduced HART6
;T_HART_UNIT_TYPES;UM_T_ANALYTICAL;81;Device Variable Classification introduced HART6
;T_HART_UNIT_TYPES;UM_T_USER_UNIT_GROUP;HART_UM_T_NOT_CLASSIFIED;Device Variable Classification introduced HART6
;T_HART_UNIT_TYPES;UM_T_FLOWPIPE;HART_UM_T_NOT_CLASSIFIED;Device Variable Classification introduced HART6
;T_HART_UNIT_TYPES;UM_T_NORM_VOLUME;HART_UM_T_NOT_CLASSIFIED;added20110426
;T_HART_UNIT_TYPES;UM_T_NORMAL_VOLUME_FLOW;HART_UM_T_NOT_CLASSIFIED;added20110426
;T_HART_UNIT_TYPES;UM_T_UNKNOWN_UNIT_GROUP;HART_UM_T_NOT_CLASSIFIED;Device Variable Classification introduced HART6
;T_HART_UNITS;UM_UKNOWN_UNIT;252;Global
;T_HART_UNITS;UM_METER_PER_SECOND;21;Velocity
;T_HART_UNITS;UM_MILLIMETER_PER_SECOND;NOT_SUPPORTED;Velocity TODO custom-unit
;T_HART_UNITS;UM_MILLIMETER_PER_MINUTE;NOT_SUPPORTED;Velocity
;T_HART_UNITS;UM_METER_PER_HOUR;120;Velocity
;T_HART_UNITS;UM_KILOMETER_PER_HOUR;NOT_SUPPORTED;Velocity
;T_HART_UNITS;UM_INCH_PER_SECOND;114;Velocity
;T_HART_UNITS;UM_INCH_PER_MINUTE;115;Velocity
;T_HART_UNITS;UM_INCH_PER_HOUR;NOT_SUPPORTED;Velocity
;T_HART_UNITS;UM_FEET_PER_SECOND;20;Velocity
;T_HART_UNITS;UM_FEET_PER_MINUTE;116;Velocity
;T_HART_UNITS;UM_FEET_PER_HOUR;NOT_SUPPORTED;Velocity
;T_HART_UNITS;UM_YARD_PER_SECOND;NOT_SUPPORTED;Velocity
;T_HART_UNITS;UM_YARD_PER_MINUTE;NOT_SUPPORTED;Velocity
;T_HART_UNITS;UM_YARD_PER_HOUR;NOT_SUPPORTED;Velocity
;T_HART_UNITS;UM_MILE_PER_HOUR;NOT_SUPPORTED;Velocity
;T_HART_UNITS;UM_KNOT;NOT_SUPPORTED;Velocity
;T_HART_UNITS;UM_LITER_PER_SECOND;24;Volume Flow
;T_HART_UNITS;UM_LITER_PER_MINUTE;17;Volume Flow
;T_HART_UNITS;UM_LITER_PER_HOUR;138;Volume Flow
;T_HART_UNITS;UM_CUBIC_FEET_PER_SECOND;26;Volume Flow
;T_HART_UNITS;UM_CUBIC_FEET_PER_MINUTE;15;Volume Flow
;T_HART_UNITS;UM_CUBIC_FEET_PER_HOUR;130;Volume Flow
;T_HART_UNITS;UM_CUBIC_FEET_PER_DAY;27;Volume Flow
;T_HART_UNITS;UM_CUBIC_METER_PER_SECOND;28;Volume Flow
;T_HART_UNITS;UM_CUBIC_METER_PER_MINUTE;131;Volume Flow
;T_HART_UNITS;UM_CUBIC_METER_PER_HOUR;19;Volume Flow
;T_HART_UNITS;UM_CUBIC_METER_PER_DAY;29;Volume Flow
;T_HART_UNITS;UM_US_GALLON_PER_SECOND;22;Volume Flow
;T_HART_UNITS;UM_US_GALLON_PER_MINUTE;16;Volume Flow
;T_HART_UNITS;UM_US_GALLON_PER_HOUR;136;Volume Flow
;T_HART_UNITS;UM_US_GALLON_PER_DAY;235;Volume Flow
;T_HART_UNITS;UM_IMPERIAL_GALLON_PER_SECOND;137;Volume Flow
;T_HART_UNITS;UM_IMPERIAL_GALLON_PER_MINUTE;18;Volume Flow
;T_HART_UNITS;UM_IMPERIAL_GALLON_PER_HOUR;30;Volume Flow
;T_HART_UNITS;UM_IMPERIAL_GALLON_PER_DAY;31;Volume Flow
;T_HART_UNITS;UM_BARREL_US_BEER_PER_HOUR;NOT_SUPPORTED;Volume Flow TODO custom-unit
;T_HART_UNITS;UM_HECTOLITER_PER_HOUR;NOT_SUPPORTED;Volume Flow TODO custom-unit
;T_HART_UNITS;UM_MEGALITER_PER_DAY;25;Volume Flow
;T_HART_UNITS;UM_MEGA_US_GALLON_PER_DAY;23;Volume Flow
;T_HART_UNITS;UM_CUBIC_MICROMETER_PER_SECOND;NOT_SUPPORTED;Volume Flow
;T_HART_UNITS;UM_CUBIC_MICROMETER_PER_MINUTE;NOT_SUPPORTED;Volume Flow
;T_HART_UNITS;UM_CUBIC_MICROMETER_PER_HOUR;NOT_SUPPORTED;Volume Flow
;T_HART_UNITS;UM_CUBIC_MICROMETER_PER_DAY;NOT_SUPPORTED;Volume Flow
;T_HART_UNITS;UM_CUBIC_MILLIMETER_PER_SECOND;NOT_SUPPORTED;Volume Flow
;T_HART_UNITS;UM_CUBIC_MILLIMETER_PER_MINUTE;NOT_SUPPORTED;Volume Flow
;T_HART_UNITS;UM_CUBIC_MILLIMETER_PER_HOUR;NOT_SUPPORTED;Volume Flow
;T_HART_UNITS;UM_CUBIC_MILLIMETER_PER_DAY;NOT_SUPPORTED;Volume Flow
;T_HART_UNITS;UM_CUBIC_CENTIMETER_PER_SECOND;NOT_SUPPORTED;Volume Flow
;T_HART_UNITS;UM_CUBIC_CENTIMETER_PER_MINUTE;NOT_SUPPORTED;Volume Flow
;T_HART_UNITS;UM_CUBIC_CENTIMETER_PER_HOUR;NOT_SUPPORTED;Volume Flow
;T_HART_UNITS;UM_CUBIC_CENTIMETER_PER_DAY;NOT_SUPPORTED;Volume Flow
;T_HART_UNITS;UM_CUBIC_KILOMETER_PER_SECOND;NOT_SUPPORTED;Volume Flow
;T_HART_UNITS;UM_CUBIC_KILOMETER_PER_MINUTE;NOT_SUPPORTED;Volume Flow
;T_HART_UNITS;UM_CUBIC_KILOMETER_PER_HOUR;NOT_SUPPORTED;Volume Flow
;T_HART_UNITS;UM_CUBIC_KILOMETER_PER_DAY;NOT_SUPPORTED;Volume Flow
;T_HART_UNITS;UM_CUBIC_MEGAMETER_PER_SECOND;NOT_SUPPORTED;Volume Flow
;T_HART_UNITS;UM_CUBIC_MEGAMETER_PER_MINUTE;NOT_SUPPORTED;Volume Flow
;T_HART_UNITS;UM_CUBIC_MEGAMETER_PER_DAY;NOT_SUPPORTED;Volume Flow
;T_HART_UNITS;UM_CUBIC_MEGAMETER_PER_HOUR;NOT_SUPPORTED;Volume Flow
;T_HART_UNITS;UM_CUBIC_MILLIFEET_PER_SECOND;NOT_SUPPORTED;Volume Flow
;T_HART_UNITS;UM_CUBIC_MILLIFEET_PER_MINUTE;NOT_SUPPORTED;Volume Flow
;T_HART_UNITS;UM_CUBIC_MILLIFEET_PER_HOUR;NOT_SUPPORTED;Volume Flow
;T_HART_UNITS;UM_CUBIC_MILLIFEET_PER_DAY;NOT_SUPPORTED;Volume Flow
;T_HART_UNITS;UM_CUBIC_KILOFEET_PER_SECOND;NOT_SUPPORTED;Volume Flow
;T_HART_UNITS;UM_CUBIC_KILOFEET_PER_MINUTE;NOT_SUPPORTED;Volume Flow
;T_HART_UNITS;UM_CUBIC_KILOFEET_PER_HOUR;NOT_SUPPORTED;Volume Flow
;T_HART_UNITS;UM_CUBIC_KILOFEET_PER_DAY;NOT_SUPPORTED;Volume Flow
;T_HART_UNITS;UM_CUBIC_MEGAFEET_PER_DAY;NOT_SUPPORTED;Volume Flow
;T_HART_UNITS;UM_ACRE_INCH_PER_SECOND;NOT_SUPPORTED;Volume Flow
;T_HART_UNITS;UM_ACRE_INCH_PER_MINUTE;NOT_SUPPORTED;Volume Flow
;T_HART_UNITS;UM_ACRE_INCH_PER_HOUR;NOT_SUPPORTED;Volume Flow
;T_HART_UNITS;UM_ACRE_INCH_PER_DAY;NOT_SUPPORTED;Volume Flow
;T_HART_UNITS;UM_ACRE_FEET_PER_SECOND;NOT_SUPPORTED;Volume Flow
;T_HART_UNITS;UM_ACRE_FEET_PER_MINUTE;NOT_SUPPORTED;Volume Flow
;T_HART_UNITS;UM_ACRE_FEET_PER_HOUR;NOT_SUPPORTED;Volume Flow
;T_HART_UNITS;UM_ACRE_FEET_PER_DAY;NOT_SUPPORTED;Volume Flow
;T_HART_UNITS;UM_LITER_PER_DAY;NOT_SUPPORTED;Volume Flow
;T_HART_UNITS;UM_KILOLITER_PER_SECOND;NOT_SUPPORTED;Volume Flow
;T_HART_UNITS;UM_MEGALITER_PER_MINUTE;NOT_SUPPORTED;Volume Flow
;T_HART_UNITS;UM_MEGALITER_PER_HOUR;NOT_SUPPORTED;Volume Flow
;T_HART_UNITS;UM_HECTOLITER_PER_SECOND;NOT_SUPPORTED;Volume Flow
;T_HART_UNITS;UM_HECTOLITER_PER_MINUTE;NOT_SUPPORTED;Volume Flow
;T_HART_UNITS;UM_HECTOLITER_PER_DAY;NOT_SUPPORTED;Volume Flow
;T_HART_UNITS;UM_KILOLITER_PER_MINUTE;NOT_SUPPORTED;Volume Flow
;T_HART_UNITS;UM_KILOLITER_PER_HOUR;NOT_SUPPORTED;Volume Flow
;T_HART_UNITS;UM_KILOLITER_PER_DAY;NOT_SUPPORTED;Volume Flow
;T_HART_UNITS;UM_MICRO_US_GALLON_PER_SECOND;NOT_SUPPORTED;Volume Flow
;T_HART_UNITS;UM_MILLI_US_GALLON_PER_SECOND;NOT_SUPPORTED;Volume Flow
;T_HART_UNITS;UM_KILO_US_GALLON_PER_SECOND;NOT_SUPPORTED;Volume Flow
;T_HART_UNITS;UM_MEGA_US_GALLON_PER_SECOND;NOT_SUPPORTED;Volume Flow
;T_HART_UNITS;UM_MICRO_US_GALLON_PER_MINUTE;NOT_SUPPORTED;Volume Flow
;T_HART_UNITS;UM_MILLI_US_GALLON_PER_MINUTE;NOT_SUPPORTED;Volume Flow
;T_HART_UNITS;UM_KILO_US_GALLON_PER_MINUTE;NOT_SUPPORTED;Volume Flow
;T_HART_UNITS;UM_MEGA_US_GALLON_PER_MINUTE;NOT_SUPPORTED;Volume Flow
;T_HART_UNITS;UM_MICRO_US_GALLON_PER_HOUR;NOT_SUPPORTED;Volume Flow
;T_HART_UNITS;UM_MILLI_US_GALLON_PER_HOUR;NOT_SUPPORTED;Volume Flow
;T_HART_UNITS;UM_KILO_US_GALLON_PER_HOUR;NOT_SUPPORTED;Volume Flow
;T_HART_UNITS;UM_MEGA_US_GALLON_PER_HOUR;NOT_SUPPORTED;Volume Flow
;T_HART_UNITS;UM_MICRO_US_GALLON_PER_DAY;NOT_SUPPORTED;Volume Flow
;T_HART_UNITS;UM_MILLI_US_GALLON_PER_DAY;NOT_SUPPORTED;Volume Flow
;T_HART_UNITS;UM_KILO_US_GALLON_PER_DAY;NOT_SUPPORTED;Volume Flow
;T_HART_UNITS;UM_MICRO_IMPERIAL_GALLON_PER_SECOND;NOT_SUPPORTED;Volume Flow
;T_HART_UNITS;UM_MILLI_IMPERIAL_GALLON_PER_SECOND;NOT_SUPPORTED;Volume Flow
;T_HART_UNITS;UM_KILO_IMPERIAL_GALLON_PER_SECOND;NOT_SUPPORTED;Volume Flow
;T_HART_UNITS;UM_MEGA_IMPERIAL_GALLON_PER_SECOND;NOT_SUPPORTED;Volume Flow
;T_HART_UNITS;UM_MICRO_IMPERIAL_GALLON_PER_MINUTE;NOT_SUPPORTED;Volume Flow
;T_HART_UNITS;UM_MILLI_IMPERIAL_GALLON_PER_MINUTE;NOT_SUPPORTED;Volume Flow
;T_HART_UNITS;UM_KILO_IMPERIAL_GALLON_PER_MINUTE;NOT_SUPPORTED;Volume Flow
;T_HART_UNITS;UM_MEGA_IMPERIAL_GALLON_PER_MINUTE;NOT_SUPPORTED;Volume Flow
;T_HART_UNITS;UM_MICRO_IMPERIAL_GALLON_PER_HOUR;NOT_SUPPORTED;Volume Flow
;T_HART_UNITS;UM_MILLI_IMPERIAL_GALLON_PER_HOUR;NOT_SUPPORTED;Volume Flow
;T_HART_UNITS;UM_KILO_IMPERIAL_GALLON_PER_HOUR;NOT_SUPPORTED;Volume Flow
;T_HART_UNITS;UM_MEGA_IMPERIAL_GALLON_PER_HOUR;NOT_SUPPORTED;Volume Flow
;T_HART_UNITS;UM_MICRO_IMPERIAL_GALLON_PER_DAY;NOT_SUPPORTED;Volume Flow
;T_HART_UNITS;UM_MILLI_IMPERIAL_GALLON_PER_DAY;NOT_SUPPORTED;Volume Flow
;T_HART_UNITS;UM_KILO_IMPERIAL_GALLON_PER_DAY;NOT_SUPPORTED;Volume Flow
;T_HART_UNITS;UM_MEGA_IMPERIAL_GALLON_PER_DAY;NOT_SUPPORTED;Volume Flow
;T_HART_UNITS;UM_MILLION_GALLON_PER_DAY;NOT_SUPPORTED;Volume Flow TODO duplicate?
;T_HART_UNITS;UM_BARREL_PER_SECOND;132;Volume Flow
;T_HART_UNITS;UM_BARREL_PER_MINUTE;133;Volume Flow
;T_HART_UNITS;UM_BARREL_PER_HOUR;134;Volume Flow
;T_HART_UNITS;UM_BARREL_PER_DAY;135;Volume Flow
;T_HART_UNITS;UM_MICROBARREL_PER_SECOND;NOT_SUPPORTED;Volume Flow
;T_HART_UNITS;UM_MILLIBARREL_PER_SECOND;NOT_SUPPORTED;Volume Flow
;T_HART_UNITS;UM_KILOBARREL_PER_SECOND;NOT_SUPPORTED;Volume Flow
;T_HART_UNITS;UM_MEGABARREL_PER_SECOND;NOT_SUPPORTED;Volume Flow
;T_HART_UNITS;UM_MEGABARREL_PER_MINUTE;NOT_SUPPORTED;Volume Flow
;T_HART_UNITS;UM_MICROBARREL_PER_MINUTE;NOT_SUPPORTED;Volume Flow
;T_HART_UNITS;UM_MILLIBARREL_PER_MINUTE;NOT_SUPPORTED;Volume Flow
;T_HART_UNITS;UM_KILOBARREL_PER_MINUTE;NOT_SUPPORTED;Volume Flow
;T_HART_UNITS;UM_MICROBARREL_PER_HOUR;NOT_SUPPORTED;Volume Flow
;T_HART_UNITS;UM_MILLIBARREL_PER_HOUR;NOT_SUPPORTED;Volume Flow
;T_HART_UNITS;UM_KILOBARREL_PER_HOUR;NOT_SUPPORTED;Volume Flow
;T_HART_UNITS;UM_MEGABARREL_PER_HOUR;NOT_SUPPORTED;Volume Flow
;T_HART_UNITS;UM_MICROBARREL_PER_DAY;NOT_SUPPORTED;Volume Flow
;T_HART_UNITS;UM_MILLIBARREL_PER_DAY;NOT_SUPPORTED;Volume Flow
;T_HART_UNITS;UM_KILOBARREL_PER_DAY;NOT_SUPPORTED;Volume Flow
;T_HART_UNITS;UM_MEGABARREL_PER_DAY;NOT_SUPPORTED;Volume Flow
;T_HART_UNITS;UM_KILOBARREL_US_BEER_PER_DAY;NOT_SUPPORTED;Volume Flow
;T_HART_UNITS;UM_KILOBARREL_US_BEER_PER_HOUR;NOT_SUPPORTED;Volume Flow
;T_HART_UNITS;UM_KILOBARREL_US_BEER_PER_MINUTE;NOT_SUPPORTED;Volume Flow
;T_HART_UNITS;UM_BARREL_US_BEER_PER_DAY;NOT_SUPPORTED;Volume Flow
;T_HART_UNITS;UM_BARREL_US_BEER_PER_MINUTE;NOT_SUPPORTED;Volume Flow
;T_HART_UNITS;UM_BARREL_US_BEER_PER_SECOND;NOT_SUPPORTED;Volume Flow
;T_HART_UNITS;UM_MILLIBARREL_US_BEER_PER_DAY;NOT_SUPPORTED;Volume Flow
;T_HART_UNITS;UM_MILLIBARREL_US_BEER_PER_HOUR;NOT_SUPPORTED;Volume Flow
;T_HART_UNITS;UM_MILLIBARREL_US_BEER_PER_MINUTE;NOT_SUPPORTED;Volume Flow
;T_HART_UNITS;UM_MILLIBARREL_US_BEER_PER_SECOND;NOT_SUPPORTED;Volume Flow
;T_HART_UNITS;UM_MICROBARREL_US_BEER_PER_MINUTE;NOT_SUPPORTED;Volume Flow
;T_HART_UNITS;UM_MICROBARREL_US_BEER_PER_SECOND;NOT_SUPPORTED;Volume Flow
;T_HART_UNITS;UM_BARREL_LIQUID_PER_SECOND;NOT_SUPPORTED;Volume Flow
;T_HART_UNITS;UM_BARREL_LIQUID_PER_MINUTE;NOT_SUPPORTED;Volume Flow
;T_HART_UNITS;UM_BARREL_LIQUID_PER_HOUR;NOT_SUPPORTED;Volume Flow
;T_HART_UNITS;UM_BARREL_FEDERAL_PER_SECOND;NOT_SUPPORTED;Volume Flow
;T_HART_UNITS;UM_BARREL_FEDERAL_PER_MINUTE;NOT_SUPPORTED;Volume Flow
;T_HART_UNITS;UM_BARREL_FEDERAL_PER_HOUR;NOT_SUPPORTED;Volume Flow
;T_HART_UNITS;UM_BARREL_FEDERAL_PER_DAY;NOT_SUPPORTED;Volume Flow
;T_HART_UNITS;UM_NORMAL_CUBIC_METER_PER_SECOND_0C_1ATM;NOT_SUPPORTED;Norm Volume Flow
;T_HART_UNITS;UM_NORMAL_CUBIC_METER_PER_MINUTE_0C_1ATM;NOT_SUPPORTED;Norm Volume Flow
;T_HART_UNITS;UM_NORMAL_CUBIC_METER_PER_HOUR_0C_1ATM;121;Norm Volume Flow
;T_HART_UNITS;UM_NORMAL_CUBIC_METER_PER_DAY_0C_1ATM;NOT_SUPPORTED;Norm Volume Flow
;T_HART_UNITS;UM_NORMAL_LITER_PER_SECOND_0C_1ATM;NOT_SUPPORTED;Norm Volume Flow
;T_HART_UNITS;UM_NORMAL_LITER_PER_MINUTE_0C_1ATM;NOT_SUPPORTED;Norm Volume Flow
;T_HART_UNITS;UM_NORMAL_LITER_PER_HOUR_0C_1ATM;122;Norm Volume Flow
;T_HART_UNITS;UM_NORMAL_LITER_PER_DAY_0C_1ATM;NOT_SUPPORTED;Norm Volume Flow
;T_HART_UNITS;UM_STANDARD_CUBIC_FEET_PER_MINUTE_60F_1ATM;123;Norm Volume Flow
;T_HART_UNITS;UM_STANDARD_CUBIC_FEET_PER_HOUR_60F_1ATM;NOT_SUPPORTED;Norm Volume Flow
;T_HART_UNITS;UM_STANDARD_CUBIC_METER_PER_SECOND_20C_1ATM;NOT_SUPPORTED;Norm Volume Flow
;T_HART_UNITS;UM_STANDARD_CUBIC_METER_PER_MINUTE_20C_1ATM;NOT_SUPPORTED;Norm Volume Flow
;T_HART_UNITS;UM_STANDARD_CUBIC_METER_PER_HOUR_20C_1ATM;NOT_SUPPORTED;Norm Volume Flow
;T_HART_UNITS;UM_STANDARD_CUBIC_METER_PER_DAY_20C_1ATM;NOT_SUPPORTED;Norm Volume Flow
;T_HART_UNITS;UM_STANDARD_LITER_PER_SECOND_20C_1ATM;NOT_SUPPORTED;Norm Volume Flow
;T_HART_UNITS;UM_STANDARD_LITER_PER_MINUTE_20C_1ATM;NOT_SUPPORTED;Norm Volume Flow
;T_HART_UNITS;UM_STANDARD_LITER_PER_HOUR_20C_1ATM;NOT_SUPPORTED;Norm Volume Flow
;T_HART_UNITS;UM_STANDARD_LITER_PER_DAY_20C_1ATM;NOT_SUPPORTED;Norm Volume Flow
;T_HART_UNITS;UM_GRAM_PER_SECOND;70;Mass Flow
;T_HART_UNITS;UM_GRAM_PER_MINUTE;71;Mass Flow
;T_HART_UNITS;UM_GRAM_PER_HOUR;72;Mass Flow
;T_HART_UNITS;UM_GRAM_PER_DAY;NOT_SUPPORTED;Mass Flow
;T_HART_UNITS;UM_KILOGRAM_PER_SECOND;73;Mass Flow
;T_HART_UNITS;UM_KILOGRAM_PER_MINUTE;74;Mass Flow
;T_HART_UNITS;UM_KILOGRAM_PER_HOUR;75;Mass Flow
;T_HART_UNITS;UM_KILOGRAM_PER_DAY;76;Mass Flow
;T_HART_UNITS;UM_METRIC_TON_PER_SECOND;NOT_SUPPORTED;Mass Flow
;T_HART_UNITS;UM_METRIC_TON_PER_MINUTE;77;Mass Flow
;T_HART_UNITS;UM_METRIC_TON_PER_HOUR;78;Mass Flow
;T_HART_UNITS;UM_METRIC_TON_PER_DAY;79;Mass Flow
;T_HART_UNITS;UM_POUND_PER_SECOND;80;Mass Flow
;T_HART_UNITS;UM_POUND_PER_MINUTE;81;Mass Flow
;T_HART_UNITS;UM_POUND_PER_HOUR;82;Mass Flow
;T_HART_UNITS;UM_POUND_PER_DAY;83;Mass Flow
;T_HART_UNITS;UM_SHORT_TON_PER_SECOND;NOT_SUPPORTED;Mass Flow
;T_HART_UNITS;UM_SHORT_TON_PER_MINUTE;84;Mass Flow
;T_HART_UNITS;UM_SHORT_TON_PER_HOUR;85;Mass Flow
;T_HART_UNITS;UM_SHORT_TON_PER_DAY;86;Mass Flow
;T_HART_UNITS;UM_LONG_TON_PER_SECOND;NOT_SUPPORTED;Mass Flow
;T_HART_UNITS;UM_LONG_TON_PER_MINUTE;NOT_SUPPORTED;Mass Flow
;T_HART_UNITS;UM_LONG_TON_PER_HOUR;87;Mass Flow
;T_HART_UNITS;UM_LONG_TON_PER_DAY;88;Mass Flow
;T_HART_UNITS;UM_KILOPOUND_US_PER_DAY;NOT_SUPPORTED;Mass Flow
;T_HART_UNITS;UM_KILOPOUND_US_PER_HOUR;NOT_SUPPORTED;Mass Flow
;T_HART_UNITS;UM_KILOPOUND_US_PER_MINUTE;NOT_SUPPORTED;Mass Flow
;T_HART_UNITS;UM_KILOPOUND_US_PER_SECOND;NOT_SUPPORTED;Mass Flow
;T_HART_UNITS;UM_OUNCE_PER_SECOND;NOT_SUPPORTED;Mass Flow
;T_HART_UNITS;UM_OUNCE_PER_MINUTE;NOT_SUPPORTED;Mass Flow
;T_HART_UNITS;UM_OUNCE_PER_HOUR;NOT_SUPPORTED;Mass Flow
;T_HART_UNITS;UM_OUNCE_PER_DAY;NOT_SUPPORTED;Mass Flow
;T_HART_UNITS;UM_CUBIC_METER;43;Volume
;T_HART_UNITS;UM_LITER;41;Volume
;T_HART_UNITS;UM_CUBIC_INCH;113;Volume
;T_HART_UNITS;UM_CUBIC_FEET;112;Volume
;T_HART_UNITS;UM_CUBIC_YARD;111;Volume
;T_HART_UNITS;UM_HECTOLITER;236;Volume
;T_HART_UNITS;UM_IMPERIAL_GALLON;42;Volume
;T_HART_UNITS;UM_US_GALLON;40;Volume
;T_HART_UNITS;UM_BUSHEL;110;Volume
;T_HART_UNITS;UM_CUBIC_CENTIMETER;NOT_SUPPORTED;Volume
;T_HART_UNITS;UM_CUBIC_MILLIMETER;NOT_SUPPORTED;Volume
;T_HART_UNITS;UM_CUBIC_MEGAMETER;NOT_SUPPORTED;Volume
;T_HART_UNITS;UM_CUBIC_MILE;NOT_SUPPORTED;Volume
;T_HART_UNITS;UM_CUBIC_MEGAFEET;NOT_SUPPORTED;Volume
;T_HART_UNITS;UM_CENTILITER;NOT_SUPPORTED;Volume
;T_HART_UNITS;UM_MILLILITER;NOT_SUPPORTED;Volume
;T_HART_UNITS;UM_KILOLITER;NOT_SUPPORTED;Volume
;T_HART_UNITS;UM_MEGALITER;NOT_SUPPORTED;Volume
;T_HART_UNITS;UM_PINT;NOT_SUPPORTED;Volume
;T_HART_UNITS;UM_QUART;NOT_SUPPORTED;Volume
;T_HART_UNITS;UM_BARREL;46;Volume
;T_HART_UNITS;UM_BARREL_LIQUID;124;Volume
;T_HART_UNITS;UM_BARREL_FEDERAL;NOT_SUPPORTED;Volume
;T_HART_UNITS;UM_STANDARD_CUBIC_FEET;NOT_SUPPORTED;Volume TODO double ?
;T_HART_UNITS;UM_KILOGALLON;NOT_SUPPORTED;Volume
;T_HART_UNITS;UM_KILO_IMPERIAL_GALLON;NOT_SUPPORTED;Volume
;T_HART_UNITS;UM_MEGABARREL;NOT_SUPPORTED;Volume
;T_HART_UNITS;UM_ACRE_INCH;NOT_SUPPORTED;Volume
;T_HART_UNITS;UM_ACRE_FEET;NOT_SUPPORTED;Volume
;T_HART_UNITS;UM_MEGAGALLON;NOT_SUPPORTED;Volume
;T_HART_UNITS;UM_NORMAL_CUBIC_METER_0C_1ATM;166;Norm Volume
;T_HART_UNITS;UM_NORMAL_LITER_0C_1ATM;167;Norm Volume
;T_HART_UNITS;UM_STANDARD_CUBIC_FOOT_60F_1ATM;168;Norm Volume
;T_HART_UNITS;UM_STANDARD_CUBIC_METER_20C_1ATM;NOT_SUPPORTED;Norm Volume
;T_HART_UNITS;UM_STANDARD_LITER_20C_1ATM;NOT_SUPPORTED;Norm Volume
;T_HART_UNITS;UM_GRAM;60;Mass
;T_HART_UNITS;UM_KILOGRAM;61;Mass
;T_HART_UNITS;UM_METRIC_TON;62;Mass
;T_HART_UNITS;UM_POUND;63;Mass
;T_HART_UNITS;UM_OUNCE;125;Mass
;T_HART_UNITS;UM_MILLIGRAM;NOT_SUPPORTED;Mass
;T_HART_UNITS;UM_MEGAGRAM;NOT_SUPPORTED;Mass
;T_HART_UNITS;UM_SHORT_TON;64;Mass
;T_HART_UNITS;UM_LONG_TON;65;Mass
;T_HART_UNITS;UM_MEGAPASCAL;237;Pressure
;T_HART_UNITS;UM_MILLIPASCAL;NOT_SUPPORTED;Pressure
;T_HART_UNITS;UM_MICROPASCAL;NOT_SUPPORTED;Pressure
;T_HART_UNITS;UM_PASCAL_U;11;Pressure
;T_HART_UNITS;UM_KILOPASCAL;12;Pressure
;T_HART_UNITS;UM_BAR;7;Pressure
;T_HART_UNITS;UM_MILLIBAR;8;Pressure
;T_HART_UNITS;UM_ATMOSPHERE;14;Pressure
;T_HART_UNITS;UM_POUNDFORCE_PER_SQUARE_INCH;6;Pressure
;T_HART_UNITS;UM_POUNDFORCE_PER_SQUARE_INCH_ABSOLUTE;NOT_SUPPORTED;Pressure
;T_HART_UNITS;UM_POUNDFORCE_PER_SQUARE_INCH_GAUGE;NOT_SUPPORTED;Pressure
;T_HART_UNITS;UM_GRAMFORCE_PER_SQUARE_CENTIMETER;9;Pressure
;T_HART_UNITS;UM_KILOGRAMFORCE_PER_SQUARE_CENTIMETER;10;Pressure
;T_HART_UNITS;UM_GIGAPASCAL;NOT_SUPPORTED;Pressure
;T_HART_UNITS;UM_HECTOPASCAL;NOT_SUPPORTED;Pressure
;T_HART_UNITS;UM_PASCAL_ABSOLUTE;NOT_SUPPORTED;Pressure
;T_HART_UNITS;UM_PASCAL_GAUGE;NOT_SUPPORTED;Pressure
;T_HART_UNITS;UM_GIGAPASCA_ABSOLUTE;NOT_SUPPORTED;Pressure
;T_HART_UNITS;UM_GIGAPASCA_GAUGE;NOT_SUPPORTED;Pressure
;T_HART_UNITS;UM_MEGAPASCAL_ABSOLUTE;NOT_SUPPORTED;Pressure
;T_HART_UNITS;UM_MEGAPASCAL_GAUGE;NOT_SUPPORTED;Pressure
;T_HART_UNITS;UM_KILOPASCAL_ABSOLUTE;NOT_SUPPORTED;Pressure
;T_HART_UNITS;UM_KILOPASCAL_GAUGE;NOT_SUPPORTED;Pressure
;T_HART_UNITS;UM_MILLIPASCAL_ABSOLUTE;NOT_SUPPORTED;Pressure
;T_HART_UNITS;UM_MILLIPASCAL_GAUGE;NOT_SUPPORTED;Pressure
;T_HART_UNITS;UM_MICROPASCAL_ABSOLUTE;NOT_SUPPORTED;Pressure
;T_HART_UNITS;UM_MICROPASCAL_GAUGE;NOT_SUPPORTED;Pressure
;T_HART_UNITS;UM_HECTOPASCAL_ABSOLUTE;NOT_SUPPORTED;Pressure
;T_HART_UNITS;UM_HECTOPASCAL_GAUGE;NOT_SUPPORTED;Pressure
;T_HART_UNITS;UM_INCH_H2O_60F_ABSOLUTE;NOT_SUPPORTED;Pressure
;T_HART_UNITS;UM_INCH_H2O_60F_GAUGE;NOT_SUPPORTED;Pressure
;T_HART_UNITS;UM_INCH_H2O_4C_ABSOLUTE;NOT_SUPPORTED;Pressure
;T_HART_UNITS;UM_INCH_H2O_4C_GAUGE;NOT_SUPPORTED;Pressure
;T_HART_UNITS;UM_INCH_H2O_68F_ABSOLUTE;NOT_SUPPORTED;Pressure
;T_HART_UNITS;UM_INCH_H2O_68F_GAUGE;NOT_SUPPORTED;Pressure
;T_HART_UNITS;UM_MILLIMETER_H2O_ABSOLUTE;NOT_SUPPORTED;Pressure
;T_HART_UNITS;UM_MILLIMETER_H2O_GAUGE;NOT_SUPPORTED;Pressure
;T_HART_UNITS;UM_MILLIMETER_H2O_4C_ABSOLUTE;NOT_SUPPORTED;Pressure
;T_HART_UNITS;UM_MILLIMETER_H2O_4C_GAUGE;NOT_SUPPORTED;Pressure
;T_HART_UNITS;UM_MILLIMETER_H2O_68F_ABSOLUTE;NOT_SUPPORTED;Pressure
;T_HART_UNITS;UM_MILLIMETER_H2O_68F_GAUGE;NOT_SUPPORTED;Pressure
;T_HART_UNITS;UM_FEET_H2O_ABSOLUTE_GAUGE;NOT_SUPPORTED;Pressure
;T_HART_UNITS;UM_FEET_H2O_GAUGE;NOT_SUPPORTED;Pressure
;T_HART_UNITS;UM_FEET_H2O_4C_ABSOLUTE;NOT_SUPPORTED;Pressure
;T_HART_UNITS;UM_FEET_H2O_4C_GAUGE;NOT_SUPPORTED;Pressure
;T_HART_UNITS;UM_FEET_H2O_68F_ABSOLUTE;NOT_SUPPORTED;Pressure
;T_HART_UNITS;UM_FEET_H2O_68F_GAUGE;NOT_SUPPORTED;Pressure
;T_HART_UNITS;UM_INCH_HG_ABSOLUTE;NOT_SUPPORTED;Pressure
;T_HART_UNITS;UM_INCH_HG_GAUGE;NOT_SUPPORTED;Pressure
;T_HART_UNITS;UM_INCH_HG_0C_ABSOLUTE;NOT_SUPPORTED;Pressure
;T_HART_UNITS;UM_INCH_HG_0C_GAUGE;NOT_SUPPORTED;Pressure
;T_HART_UNITS;UM_MILLIMETER_HG_ABSOLUTE;NOT_SUPPORTED;Pressure
;T_HART_UNITS;UM_MILLIMETER_HG_GAUGE;NOT_SUPPORTED;Pressure
;T_HART_UNITS;UM_MILLIMETER_HG_0C_ABSOLUTE;NOT_SUPPORTED;Pressure
;T_HART_UNITS;UM_MILLIMETER_HG_0C_GAUGE;NOT_SUPPORTED;Pressure
;T_HART_UNITS;UM_INCH_H2O_60F;145;Pressure
;T_HART_UNITS;UM_INCH_H2O_4C;238;Pressure
;T_HART_UNITS;UM_INCH_H2O_68F;1;Pressure
;T_HART_UNITS;UM_MILLIMETER_H2O;NOT_SUPPORTED;Pressure
;T_HART_UNITS;UM_MILLIMETER_H2O_4C;239;Pressure
;T_HART_UNITS;UM_MILLIMETER_H2O_68F;4;Pressure
;T_HART_UNITS;UM_FEET_H2O;NOT_SUPPORTED;Pressure
;T_HART_UNITS;UM_FEET_H2O_4C;NOT_SUPPORTED;Pressure
;T_HART_UNITS;UM_FEET_H2O_68F;3;Pressure
;T_HART_UNITS;UM_INCH_HG;NOT_SUPPORTED;Pressure
;T_HART_UNITS;UM_INCH_HG_0C;2;Pressure
;T_HART_UNITS;UM_MILLIMETER_HG;NOT_SUPPORTED;Pressure
;T_HART_UNITS;UM_MILLIMETER_HG_0C;5;Pressure
;T_HART_UNITS;UM_TORR;13;Pressure
;T_HART_UNITS;UM_GRAMFORCE_PER_SQUARE_CENTIMETER_ABSOLUTE;NOT_SUPPORTED;Pressure
;T_HART_UNITS;UM_GRAMFORCE_PER_SQUARE_CENTIMETER_GAUGE;NOT_SUPPORTED;Pressure
;T_HART_UNITS;UM_KILOGRAMFORCE_PER_SQUARE_CENTIMETER_ABSOLUTE;NOT_SUPPORTED;Pressure
;T_HART_UNITS;UM_KILOGRAMFORCE_PER_SQUARE_CENTIMETER_GAUGE;NOT_SUPPORTED;Pressure
;T_HART_UNITS;UM_BAR_ABSOLUTE;NOT_SUPPORTED;Pressure
;T_HART_UNITS;UM_BAR_GAUGE;NOT_SUPPORTED;Pressure
;T_HART_UNITS;UM_MILLIBAR_GAUGE;NOT_SUPPORTED;Pressure
;T_HART_UNITS;UM_MILLIBAR_ABSOLUTE;NOT_SUPPORTED;Pressure
;T_HART_UNITS;UM_KELVIN;35;Temperature
;T_HART_UNITS;UM_CELSIUS;32;Temperature
;T_HART_UNITS;UM_FAHRENHEIT;33;Temperature
;T_HART_UNITS;UM_RANKINE;34;Temperature
;T_HART_UNITS;UM_KILOGRAM_PER_CUBIC_METER;92;MassDensity
;T_HART_UNITS;UM_GRAM_PER_CUBIC_CENTIMETER;91;MassDensity
;T_HART_UNITS;UM_KILOGRAM_PER_LITER;96;MassDensity
;T_HART_UNITS;UM_POUND_PER_CUBIC_INCH;98;MassDensity
;T_HART_UNITS;UM_POUND_PER_CUBIC_FOOT;94;MassDensity
;T_HART_UNITS;UM_MEGAGRAM_PER_CUBIC_METER;NOT_SUPPORTED;MassDensity
;T_HART_UNITS;UM_GRAM_PER_CUBIC_METER;NOT_SUPPORTED;MassDensity
;T_HART_UNITS;UM_METRIC_TON_PER_CUBIC_METER;NOT_SUPPORTED;MassDensity
;T_HART_UNITS;UM_GRAM_PER_MILLILITER;95;MassDensity
;T_HART_UNITS;UM_GRAM_PER_LITER;97;MassDensity
;T_HART_UNITS;UM_POUND_PER_US_GALLON;93;MassDensity
;T_HART_UNITS;UM_SHORT_TON_PER_CUBIC_YARD;99;MassDensity
;T_HART_UNITS;UM_POUND_PER_GALLON;NOT_SUPPORTED;MassDensity
;T_HART_UNITS;UM_MICROGRAM_PER_LITER;146;MassDensity
;T_HART_UNITS;UM_MICROGRAM_PER_CUBIC_METER;147;MassDensity
;T_HART_UNITS;UM_MILLIGRAM_PER_LITER;NOT_SUPPORTED;MassDensity
;T_HART_UNITS;UM_VOLT;58;Voltage alias EMF
;T_HART_UNITS;UM_MILLIVOLT;36;Voltage alias EMF
;T_HART_UNITS;UM_MEGAVOLT;NOT_SUPPORTED;Voltage alias EMF
;T_HART_UNITS;UM_KILOVOLT;NOT_SUPPORTED;Voltage alias EMF
;T_HART_UNITS;UM_MICROVOLT;NOT_SUPPORTED;Voltage alias EMF
;T_HART_UNITS;UM_OHM;37;Resistance
;T_HART_UNITS;UM_KILOOHM;163;Resistance
;T_HART_UNITS;UM_GIGAOHM;NOT_SUPPORTED;Resistance
;T_HART_UNITS;UM_MEGAOHM;NOT_SUPPORTED;Resistance
;T_HART_UNITS;UM_MILLIOHM;NOT_SUPPORTED;Resistance
;T_HART_UNITS;UM_MICROOHM;NOT_SUPPORTED;Resistance
;T_HART_UNITS;UM_SECOND;51;Time
;T_HART_UNITS;UM_MINUTE;50;Time
;T_HART_UNITS;UM_HOUR;52;Time
;T_HART_UNITS;UM_DAY;53;Time
;T_HART_UNITS;UM_KILOSECOND;NOT_SUPPORTED;Time
;T_HART_UNITS;UM_MILLISECOND;NOT_SUPPORTED;Time
;T_HART_UNITS;UM_MICROSECOND;NOT_SUPPORTED;Time
;T_HART_UNITS;UM_HERTZ;38;Frequency
;T_HART_UNITS;UM_TERAHERTZ;NOT_SUPPORTED;Frequency
;T_HART_UNITS;UM_GIGAHERTZ;NOT_SUPPORTED;Frequency
;T_HART_UNITS;UM_MEGAHERTZ;NOT_SUPPORTED;Frequency
;T_HART_UNITS;UM_KILO_HERTZ;NOT_SUPPORTED;Frequency
;T_HART_UNITS;UM_COUNT_PER_SECOND;NOT_SUPPORTED;Frequency
;T_HART_UNITS;UM_PER_SECOND;NOT_SUPPORTED;Frequency
;T_HART_UNITS;UM_PER_MINUTE;NOT_SUPPORTED;Frequency
;T_HART_UNITS;UM_REVOLUTION_PER_SECOND;118;Angular Velocity
;T_HART_UNITS;UM_REVOLUTION_PER_MINUTE;119;Angular Velocity
;T_HART_UNITS;UM_ONE_PER_32_MILLISECOND;NOT_SUPPORTED;Frequency
;T_HART_UNITS;UM_MILLIAMPERE;39;Electric Current
;T_HART_UNITS;UM_AMPERE;NOT_SUPPORTED;Electric Current
;T_HART_UNITS;UM_KILOAMPERE;NOT_SUPPORTED;Electric Current
;T_HART_UNITS;UM_MICROAMPERE;NOT_SUPPORTED;Electric Current
;T_HART_UNITS;UM_NANOAMPERE;NOT_SUPPORTED;Electric Current
;T_HART_UNITS;UM_PICOAMPERE;NOT_SUPPORTED;Electric Current
;T_HART_UNITS;UM_PERCENT;57;Ratio
;T_HART_UNITS;UM_PARTS_PER_MILLION;139;Ratio
;T_HART_UNITS;UM_PARTS_PER_BILLION;169;Ratio
;T_HART_UNITS;UM_PARTS_PER_THOUSAND;NOT_SUPPORTED;Ratio
;T_HART_UNITS;UM_PARTS_PER_TRILLION;NOT_SUPPORTED;Ratio
;T_HART_UNITS;UM_PICOFARAD;153;Capacitance
;T_HART_UNITS;UM_FARAD;NOT_SUPPORTED;Capacitance
;T_HART_UNITS;UM_MILLIFARAD;NOT_SUPPORTED;Capacitance
;T_HART_UNITS;UM_MICROFARAD;NOT_SUPPORTED;Capacitance
;T_HART_UNITS;UM_NANOFARAD;NOT_SUPPORTED;Capacitance
;T_HART_UNITS;UM_MILLIMETER;49;Length
;T_HART_UNITS;UM_CENTIMETER;48;Length
;T_HART_UNITS;UM_METER;45;Length
;T_HART_UNITS;UM_FOOT;44;Length
;T_HART_UNITS;UM_INCH;47;Length
;T_HART_UNITS;UM_KILOMETER;NOT_SUPPORTED;Length
;T_HART_UNITS;UM_MICROMETER;NOT_SUPPORTED;Length
;T_HART_UNITS;UM_NANOMETER;NOT_SUPPORTED;Length
;T_HART_UNITS;UM_PICOMETER;NOT_SUPPORTED;Length
;T_HART_UNITS;UM_ANGSTROM;NOT_SUPPORTED;Length
;T_HART_UNITS;UM_YARD;NOT_SUPPORTED;Length
;T_HART_UNITS;UM_MILE;NOT_SUPPORTED;Length
;T_HART_UNITS;UM_NAUTICAL_MILE;NOT_SUPPORTED;Length
;T_HART_UNITS;UM_MICRON;NOT_SUPPORTED;Length
;T_HART_UNITS;UM_MIL;NOT_SUPPORTED;Length
;T_HART_UNITS;UM_CENTISTOKE;54;Viscosity
;T_HART_UNITS;UM_CENTIPOISE;55;Dynamic Viscosity
;T_HART_UNITS;UM_MICROSIEMENS;56;Conductance
;T_HART_UNITS;UM_PH;59;Analytical
;T_HART_UNITS;UM_MILLISIEMENS_PER_CENTIMETER;66;Conductivity
;T_HART_UNITS;UM_MICROSIEMENS_PER_CENTIMETER;67;Conductivity
;T_HART_UNITS;UM_NEWTON;68;Force
;T_HART_UNITS;UM_NEWTON_METER;69;Moment of Force
;T_HART_UNITS;UM_DEKA_THERM;89;Energy
;T_HART_UNITS;UM_SPECIFIC_GRAVITY_UNIT;90;Mass per Volume
;T_HART_UNITS;UM_DEGREE_TWADDELL;100;Mass per Volume
;T_HART_UNITS;UM_DEGREE_BRIX;101;TODO
;T_HART_UNITS;UM_DEGREE_BAUME_HEAVY;102;Mass per Volume
;T_HART_UNITS;UM_DEGREE_BAUME_LIGHT;103;Mass per Volume
;T_HART_UNITS;UM_DEGREE_API;104;Mass per Volume
;T_HART_UNITS;UM_PERCENT_SOLID_PER_WEIGHT;105;TODO
;T_HART_UNITS;UM_PERCENT_SOLID_PER_VOLUME;106;TODO
;T_HART_UNITS;UM_DEGREE_BALLING;107;TODO
;T_HART_UNITS;UM_PROOF_PER_VOLUME;108;TODO
;T_HART_UNITS;UM_PROOF_PER_MASS;109;TODO
;T_HART_UNITS;UM_DEGREE_PER_SECOND;117;Angluar Velocity
;T_HART_UNITS;UM_FOOTPOUND_FORCE;126;Energy
;T_HART_UNITS;UM_KILOWATT;127;Power
;T_HART_UNITS;UM_KILOWATT_HOUR;128;Energy
;T_HART_UNITS;UM_HORSEPOWER;129;Power
;T_HART_UNITS;UM_MEGACALORIE_PER_HOUR;140;Power
;T_HART_UNITS;UM_MEGAJOULE_PER_HOUR;141;Power
;T_HART_UNITS;UM_BRITISH_THERMAL_UNIT_PER_HOUR;142;Power
;T_HART_UNITS;UM_DEGREE;143;Angle (plane)
;T_HART_UNITS;UM_RADIAN;144;Angle (plane)
;T_HART_UNITS;UM_PERCENT_CONSISTENSY;148;Ratio ?
;T_HART_UNITS;UM_PERCENT_VOLUME;149;Ratio ?
;T_HART_UNITS;UM_PERCENT_STEAM_QUALITY;150;Ratio ?
;T_HART_UNITS;UM_FEET_IN_SIXTEENTH;151;Length
;T_HART_UNITS;UM_CUBIC_FEET_PER_POUND;152;Volume Density
;T_HART_UNITS;UM_MILLILITER_PER_LITER;154;Ratio ? Volume per volume ?
;T_HART_UNITS;UM_MICROLITER_PER_LITER;155;Ratio ? Volume per volume ?
;T_HART_UNITS;UM_PERCENT_PLATO;160;TODO ?
;T_HART_UNITS;UM_PERCENT_EXPLOSION_LEVEL;161;TODO ?
;T_HART_UNITS;UM_MEGACALORIE;162;Energy
;T_HART_UNITS;UM_MEGAJOULE;164;Energy
;T_HART_UNITS;UM_BRITISH_THERMAL_UNIT;165;Energy
;T_HART_UNITS;UM_THOUSAND_BRITISH_THERMAL_UNIT;172;Energy
;T_HART_UNITS;UM_HENRY;NOT_SUPPORTED;Inductance
;T_HART_UNITS;UM_MILLIHENRY;NOT_SUPPORTED;Inductance
;T_HART_UNITS;UM_MICROHENRY;NOT_SUPPORTED;Inductance
;T_HART_UNITS;UM_NANOHENRY;NOT_SUPPORTED;Inductance
;T_HART_UNITS;UM_PICOHENRY;NOT_SUPPORTED;Inductance
;T_HART_UNITS;UM_SIEMENS_PER_METER;NOT_SUPPORTED;Conductivity
;T_HART_UNITS;UM_MEGASIEMENS_PER_METER;NOT_SUPPORTED;Conductivity
;T_HART_UNITS;UM_KILOSIEMENS_PER_METER;NOT_SUPPORTED;Conductivity
;T_HART_UNITS;UM_MILLISIEMENS_PER_METER;NOT_SUPPORTED;Conductivity
;T_HART_UNITS;UM_MICROSIEMENS_PER_METER;NOT_SUPPORTED;Conductivity
;T_HART_UNITS;UM_MICROSIEMENS_PER_MILLIMETER;NOT_SUPPORTED;Conductivity
;T_HART_UNITS;UM_MEGAWATT;170;Power
;T_HART_UNITS;UM_MILLION_BRITISH_THERMAL_UNIT_PER_SECOND;172;Power
;T_HART_UNITS;UM_MILLION_BRITISH_THERMAL_UNIT_PER_HOUR;173;Power
;T_HART_UNITS;UM_MILLION_BRITISH_THERMAL_UNIT_PER_DAY;174;Power
;T_HART_UNITS;UM_BRITISH_THERMAL_UNIT_PER_DAY;178;Power
;T_HART_UNITS;UM_BRITISH_THERMAL_UNIT_PER_MINUTE;179;Power
;T_HART_UNITS;UM_BRITISH_THERMAL_UNIT_PER_SECOND;181;Power
;T_HART_UNITS;UM_THOUSAND_BRITISH_THERMAL_UNIT_PER_SECOND;182;Power
;T_HART_UNITS;UM_THOUSAND_BRITISH_THERMAL_UNIT_PER_MINUTE;183;Power
;T_HART_UNITS;UM_THOUSAND_BRITISH_THERMAL_UNIT_PER_HOUR;184;Power
;T_HART_UNITS;UM_THOUSAND_BRITISH_THERMAL_UNIT_PER_DAY;185;Power
;T_HART_UNITS;UNIT_FREQUENCY_HERTZ;38;Frequency
;T_HART_UNITS;UNIT_TOTALIZER_KILOGRAMS;61;Mass
;T_HART_UNITS;UNIT_TIME_MILLISECONDS;NOT_SUPPORTED;Time
;T_HART_SELECTION;SEC_EXT_TEMPERATURE;0;Select the burst in Tx as Select the burst in Tx as Temperature
;T_HART_SELECTION;SEC_PRESSURE;1;Select the burst in Tx as Pressure
;T_HART_SELECTION;SEC_PRESSURE_ABS;2;Select the burst in Tx as ABS Pressure
;T_HART_SELECTION;SEC_GAS_CONTENT;3;Select the burst in Tx Gas Content?
;T_HART_SELECTION;SEC_DENSITY;4;Select the burst in Tx Density
;T_HART_SELECTION;SEC_WITHOUT;5;
;T_HART_SELECTION;SEC_INTER_TEMPERATURE;6;
;T_CURRENT_UNITS;CURRENT_MILLIAMPERES;3;CurrentUnit
;T_CURRENT_UNITS;CURRENT_UNIT_TYPE;7;CurrentType
;T_HART_FAMILY_CODES;TEMPERATURE;4;temperature
;T_HART_FAMILY_CODES;PRESSRUE;5;pressure
;T_HART_FAMILY_CODES;VALVE;6;value/acturator
;T_HART_FAMILY_CODES;SIMPLE_PID_CONTROL;7;simple_PID_control
;T_HART_FAMILY_CODES;PH;8;pH
;T_HART_FAMILY_CODES;CONDUCTIVITY;9;conductivity
;T_HART_FAMILY_CODES;TOTALIZER;10;totalizer
;T_HART_FAMILY_CODES;LEVEL;11;level
;T_HART_FAMILY_CODES;VORTEX_FLOW;12;Vortex_flow
;T_HART_FAMILY_CODES;MAG_FLOW;13;mag_flow
;T_HART_FAMILY_CODES;CORIOLIS_FLOW;14;coriolis_flow
;T_HART_CURRENT_CLASSIFICATION;CURRENT_CLASSIFICATION;84;CURRENT_CLASSIFICATION
;T_BURST_IN_UNIT_TYPE;BURST_IN_TEMPERATURE;9;burst in temperature
;T_BURST_IN_UNIT_TYPE;BURST_IN_PRESSURE;51;burst in pressure
;T_BURST_IN_UNIT_TYPE;BURST_IN_DENSITY;25;burst in density
;T_BURST_IN_UNIT_TYPE;BURST_IN_CONTENT;139;burst in content
;T_BURST_IN_UNIT_TYPE;BURST_IN_NONE;0;
;T_SERVICE_LEVEL;SERVICE_service;0;
;T_SERVICE_LEVEL;SERVICE_advanced;1;
;T_SERVICE_LEVEL;SERVICE_standard;2;
;BoardsTable;CB_BOARD;0;
;;T_ELECTRIC_CURRENT;7;
;BURST_IN_STATUS;BURST_IN_OK;0;
;BURST_IN_STATUS;BURST_IN_FAILED;1;
